year,reference_date,mc,mc_code,age,age_band_min,age_band_max,count,count_kind,coverage_pct,source_slug,kind,notes
2024,2024-01-01,Praha 3,547107,,3,5,1879,walking_distance_to_MŠ,94,ipr-prognoza-2024-2050-vzdelavani,historical,IPR Příloha P.3.02 row "MČ Praha 3"; band proxy; true age-3-5 cohort ≈ count/(coverage_pct/100)
2024,2024-01-01,Praha 7,547141,,3,5,1439,walking_distance_to_MŠ,98,ipr-prognoza-2024-2050-vzdelavani,historical,IPR Příloha P.3.02 row "MČ Praha 7"
2024,2024-01-01,Praha 8,547158,,3,5,2332,walking_distance_to_MŠ,78,ipr-prognoza-2024-2050-vzdelavani,historical,IPR Příloha P.3.02 row "MČ Praha 8"
2024,2024-01-01,Praha 9,547166,,3,5,1298,walking_distance_to_MŠ,61,ipr-prognoza-2024-2050-vzdelavani,historical,IPR Příloha P.3.02 row "MČ Praha 9"
2024,2024-01-01,Praha 10,547174,,3,5,2856,walking_distance_to_MŠ,84,ipr-prognoza-2024-2050-vzdelavani,historical,IPR Příloha P.3.02 row "MČ Praha 10"
2024,2024-01-01,Praha 14,547221,,3,5,1190,walking_distance_to_MŠ,76,ipr-prognoza-2024-2050-vzdelavani,historical,IPR Příloha P.3.02 row "MČ Praha 14"
2024,2024-01-01,Praha 3,547107,,6,14,4778,walking_distance_to_ZŠ,96,ipr-prognoza-2024-2050-vzdelavani,historical,IPR Příloha P.3.04 row "MČ Praha 3"
2024,2024-01-01,Praha 7,547141,,6,14,3553,walking_distance_to_ZŠ,99,ipr-prognoza-2024-2050-vzdelavani,historical,IPR Příloha P.3.04 row "MČ Praha 7"
2024,2024-01-01,Praha 8,547158,,6,14,7278,walking_distance_to_ZŠ,84,ipr-prognoza-2024-2050-vzdelavani,historical,IPR Příloha P.3.04 row "MČ Praha 8"
2024,2024-01-01,Praha 9,547166,,6,14,3709,walking_distance_to_ZŠ,68,ipr-prognoza-2024-2050-vzdelavani,historical,IPR Příloha P.3.04 row "MČ Praha 9"
2024,2024-01-01,Praha 10,547174,,6,14,7337,walking_distance_to_ZŠ,82,ipr-prognoza-2024-2050-vzdelavani,historical,IPR Příloha P.3.04 row "MČ Praha 10"
2024,2024-01-01,Praha 14,547221,,6,14,2809,walking_distance_to_ZŠ,66,ipr-prognoza-2024-2050-vzdelavani,historical,IPR Příloha P.3.04 row "MČ Praha 14"
2011,2011-12-31,Praha 3,547107,,0,4,3510,population,,csu-vekove-slozeni-mc-2011-2025,historical,ČSÚ KOD_ZUJ=500097; sheet '2011'; 5-year band (single-year-of-age not available in this dataset); row 'Praha N' / col '0-4'
2011,2011-12-31,Praha 3,547107,,5,9,2394,population,,csu-vekove-slozeni-mc-2011-2025,historical,ČSÚ KOD_ZUJ=500097; sheet '2011'; 5-year band (single-year-of-age not available in this dataset); row 'Praha N' / col '5-9'
2011,2011-12-31,Praha 3,547107,,10,14,1989,population,,csu-vekove-slozeni-mc-2011-2025,historical,ČSÚ KOD_ZUJ=500097; sheet '2011'; 5-year band (single-year-of-age not available in this dataset); row 'Praha N' / col '10-14'
2011,2011-12-31,Praha 3,547107,,15,19,2595,population,,csu-vekove-slozeni-mc-2011-2025,historical,ČSÚ KOD_ZUJ=500097; sheet '2011'; 5-year band (single-year-of-age not available in this dataset); row 'Praha N' / col '15-19'
2011,2011-12-31,Praha 7,547141,,0,4,2430,population,,csu-vekove-slozeni-mc-2011-2025,historical,ČSÚ KOD_ZUJ=500186; sheet '2011'; 5-year band (single-year-of-age not available in this dataset); row 'Praha N' / col '0-4'
2011,2011-12-31,Praha 7,547141,,5,9,1517,population,,csu-vekove-slozeni-mc-2011-2025,historical,ČSÚ KOD_ZUJ=500186; sheet '2011'; 5-year band (single-year-of-age not available in this dataset); row 'Praha N' / col '5-9'
2011,2011-12-31,Praha 7,547141,,10,14,1275,population,,csu-vekove-slozeni-mc-2011-2025,historical,ČSÚ KOD_ZUJ=500186; sheet '2011'; 5-year band (single-year-of-age not available in this dataset); row 'Praha N' / col '10-14'
2011,2011-12-31,Praha 7,547141,,15,19,1418,population,,csu-vekove-slozeni-mc-2011-2025,historical,ČSÚ KOD_ZUJ=500186; sheet '2011'; 5-year band (single-year-of-age not available in this dataset); row 'Praha N' / col '15-19'
2011,2011-12-31,Praha 8,547158,,0,4,6073,population,,csu-vekove-slozeni-mc-2011-2025,historical,ČSÚ KOD_ZUJ=500208; sheet '2011'; 5-year band (single-year-of-age not available in this dataset); row 'Praha N' / col '0-4'
2011,2011-12-31,Praha 8,547158,,5,9,4385,population,,csu-vekove-slozeni-mc-2011-2025,historical,ČSÚ KOD_ZUJ=500208; sheet '2011'; 5-year band (single-year-of-age not available in this dataset); row 'Praha N' / col '5-9'
2011,2011-12-31,Praha 8,547158,,10,14,3362,population,,csu-vekove-slozeni-mc-2011-2025,historical,ČSÚ KOD_ZUJ=500208; sheet '2011'; 5-year band (single-year-of-age not available in this dataset); row 'Praha N' / col '10-14'
2011,2011-12-31,Praha 8,547158,,15,19,3915,population,,csu-vekove-slozeni-mc-2011-2025,historical,ČSÚ KOD_ZUJ=500208; sheet '2011'; 5-year band (single-year-of-age not available in this dataset); row 'Praha N' / col '15-19'
2011,2011-12-31,Praha 9,547166,,0,4,3289,population,,csu-vekove-slozeni-mc-2011-2025,historical,ČSÚ KOD_ZUJ=500216; sheet '2011'; 5-year band (single-year-of-age not available in this dataset); row 'Praha N' / col '0-4'
2011,2011-12-31,Praha 9,547166,,5,9,2085,population,,csu-vekove-slozeni-mc-2011-2025,historical,ČSÚ KOD_ZUJ=500216; sheet '2011'; 5-year band (single-year-of-age not available in this dataset); row 'Praha N' / col '5-9'
2011,2011-12-31,Praha 9,547166,,10,14,1683,population,,csu-vekove-slozeni-mc-2011-2025,historical,ČSÚ KOD_ZUJ=500216; sheet '2011'; 5-year band (single-year-of-age not available in this dataset); row 'Praha N' / col '10-14'
2011,2011-12-31,Praha 9,547166,,15,19,2025,population,,csu-vekove-slozeni-mc-2011-2025,historical,ČSÚ KOD_ZUJ=500216; sheet '2011'; 5-year band (single-year-of-age not available in this dataset); row 'Praha N' / col '15-19'
2011,2011-12-31,Praha 10,547174,,0,4,5772,population,,csu-vekove-slozeni-mc-2011-2025,historical,ČSÚ KOD_ZUJ=500224; sheet '2011'; 5-year band (single-year-of-age not available in this dataset); row 'Praha N' / col '0-4'
2011,2011-12-31,Praha 10,547174,,5,9,3931,population,,csu-vekove-slozeni-mc-2011-2025,historical,ČSÚ KOD_ZUJ=500224; sheet '2011'; 5-year band (single-year-of-age not available in this dataset); row 'Praha N' / col '5-9'
2011,2011-12-31,Praha 10,547174,,10,14,3267,population,,csu-vekove-slozeni-mc-2011-2025,historical,ČSÚ KOD_ZUJ=500224; sheet '2011'; 5-year band (single-year-of-age not available in this dataset); row 'Praha N' / col '10-14'
2011,2011-12-31,Praha 10,547174,,15,19,3897,population,,csu-vekove-slozeni-mc-2011-2025,historical,ČSÚ KOD_ZUJ=500224; sheet '2011'; 5-year band (single-year-of-age not available in this dataset); row 'Praha N' / col '15-19'
2011,2011-12-31,Praha 14,547221,,0,4,2611,population,,csu-vekove-slozeni-mc-2011-2025,historical,ČSÚ KOD_ZUJ=547361; sheet '2011'; 5-year band (single-year-of-age not available in this dataset); row 'Praha N' / col '0-4'
2011,2011-12-31,Praha 14,547221,,5,9,2238,population,,csu-vekove-slozeni-mc-2011-2025,historical,ČSÚ KOD_ZUJ=547361; sheet '2011'; 5-year band (single-year-of-age not available in this dataset); row 'Praha N' / col '5-9'
2011,2011-12-31,Praha 14,547221,,10,14,2113,population,,csu-vekove-slozeni-mc-2011-2025,historical,ČSÚ KOD_ZUJ=547361; sheet '2011'; 5-year band (single-year-of-age not available in this dataset); row 'Praha N' / col '10-14'
2011,2011-12-31,Praha 14,547221,,15,19,2677,population,,csu-vekove-slozeni-mc-2011-2025,historical,ČSÚ KOD_ZUJ=547361; sheet '2011'; 5-year band (single-year-of-age not available in this dataset); row 'Praha N' / col '15-19'
2012,2012-12-31,Praha 3,547107,,0,4,3657,population,,csu-vekove-slozeni-mc-2011-2025,historical,ČSÚ KOD_ZUJ=500097; sheet '2012'; 5-year band (single-year-of-age not available in this dataset); row 'Praha N' / col '0-4'
2012,2012-12-31,Praha 3,547107,,5,9,2524,population,,csu-vekove-slozeni-mc-2011-2025,historical,ČSÚ KOD_ZUJ=500097; sheet '2012'; 5-year band (single-year-of-age not available in this dataset); row 'Praha N' / col '5-9'
2012,2012-12-31,Praha 3,547107,,10,14,1993,population,,csu-vekove-slozeni-mc-2011-2025,historical,ČSÚ KOD_ZUJ=500097; sheet '2012'; 5-year band (single-year-of-age not available in this dataset); row 'Praha N' / col '10-14'
2012,2012-12-31,Praha 3,547107,,15,19,2414,population,,csu-vekove-slozeni-mc-2011-2025,historical,ČSÚ KOD_ZUJ=500097; sheet '2012'; 5-year band (single-year-of-age not available in this dataset); row 'Praha N' / col '15-19'
2012,2012-12-31,Praha 7,547141,,0,4,2559,population,,csu-vekove-slozeni-mc-2011-2025,historical,ČSÚ KOD_ZUJ=500186; sheet '2012'; 5-year band (single-year-of-age not available in this dataset); row 'Praha N' / col '0-4'
2012,2012-12-31,Praha 7,547141,,5,9,1680,population,,csu-vekove-slozeni-mc-2011-2025,historical,ČSÚ KOD_ZUJ=500186; sheet '2012'; 5-year band (single-year-of-age not available in this dataset); row 'Praha N' / col '5-9'
2012,2012-12-31,Praha 7,547141,,10,14,1273,population,,csu-vekove-slozeni-mc-2011-2025,historical,ČSÚ KOD_ZUJ=500186; sheet '2012'; 5-year band (single-year-of-age not available in this dataset); row 'Praha N' / col '10-14'
2012,2012-12-31,Praha 7,547141,,15,19,1350,population,,csu-vekove-slozeni-mc-2011-2025,historical,ČSÚ KOD_ZUJ=500186; sheet '2012'; 5-year band (single-year-of-age not available in this dataset); row 'Praha N' / col '15-19'
2012,2012-12-31,Praha 8,547158,,0,4,5958,population,,csu-vekove-slozeni-mc-2011-2025,historical,ČSÚ KOD_ZUJ=500208; sheet '2012'; 5-year band (single-year-of-age not available in this dataset); row 'Praha N' / col '0-4'
2012,2012-12-31,Praha 8,547158,,5,9,4769,population,,csu-vekove-slozeni-mc-2011-2025,historical,ČSÚ KOD_ZUJ=500208; sheet '2012'; 5-year band (single-year-of-age not available in this dataset); row 'Praha N' / col '5-9'
2012,2012-12-31,Praha 8,547158,,10,14,3364,population,,csu-vekove-slozeni-mc-2011-2025,historical,ČSÚ KOD_ZUJ=500208; sheet '2012'; 5-year band (single-year-of-age not available in this dataset); row 'Praha N' / col '10-14'
2012,2012-12-31,Praha 8,547158,,15,19,3648,population,,csu-vekove-slozeni-mc-2011-2025,historical,ČSÚ KOD_ZUJ=500208; sheet '2012'; 5-year band (single-year-of-age not available in this dataset); row 'Praha N' / col '15-19'
2012,2012-12-31,Praha 9,547166,,0,4,3419,population,,csu-vekove-slozeni-mc-2011-2025,historical,ČSÚ KOD_ZUJ=500216; sheet '2012'; 5-year band (single-year-of-age not available in this dataset); row 'Praha N' / col '0-4'
2012,2012-12-31,Praha 9,547166,,5,9,2303,population,,csu-vekove-slozeni-mc-2011-2025,historical,ČSÚ KOD_ZUJ=500216; sheet '2012'; 5-year band (single-year-of-age not available in this dataset); row 'Praha N' / col '5-9'
2012,2012-12-31,Praha 9,547166,,10,14,1693,population,,csu-vekove-slozeni-mc-2011-2025,historical,ČSÚ KOD_ZUJ=500216; sheet '2012'; 5-year band (single-year-of-age not available in this dataset); row 'Praha N' / col '10-14'
2012,2012-12-31,Praha 9,547166,,15,19,1898,population,,csu-vekove-slozeni-mc-2011-2025,historical,ČSÚ KOD_ZUJ=500216; sheet '2012'; 5-year band (single-year-of-age not available in this dataset); row 'Praha N' / col '15-19'
2012,2012-12-31,Praha 10,547174,,0,4,5706,population,,csu-vekove-slozeni-mc-2011-2025,historical,ČSÚ KOD_ZUJ=500224; sheet '2012'; 5-year band (single-year-of-age not available in this dataset); row 'Praha N' / col '0-4'
2012,2012-12-31,Praha 10,547174,,5,9,4276,population,,csu-vekove-slozeni-mc-2011-2025,historical,ČSÚ KOD_ZUJ=500224; sheet '2012'; 5-year band (single-year-of-age not available in this dataset); row 'Praha N' / col '5-9'
2012,2012-12-31,Praha 10,547174,,10,14,3293,population,,csu-vekove-slozeni-mc-2011-2025,historical,ČSÚ KOD_ZUJ=500224; sheet '2012'; 5-year band (single-year-of-age not available in this dataset); row 'Praha N' / col '10-14'
2012,2012-12-31,Praha 10,547174,,15,19,3725,population,,csu-vekove-slozeni-mc-2011-2025,historical,ČSÚ KOD_ZUJ=500224; sheet '2012'; 5-year band (single-year-of-age not available in this dataset); row 'Praha N' / col '15-19'
2012,2012-12-31,Praha 14,547221,,0,4,2633,population,,csu-vekove-slozeni-mc-2011-2025,historical,ČSÚ KOD_ZUJ=547361; sheet '2012'; 5-year band (single-year-of-age not available in this dataset); row 'Praha N' / col '0-4'
2012,2012-12-31,Praha 14,547221,,5,9,2197,population,,csu-vekove-slozeni-mc-2011-2025,historical,ČSÚ KOD_ZUJ=547361; sheet '2012'; 5-year band (single-year-of-age not available in this dataset); row 'Praha N' / col '5-9'
2012,2012-12-31,Praha 14,547221,,10,14,2116,population,,csu-vekove-slozeni-mc-2011-2025,historical,ČSÚ KOD_ZUJ=547361; sheet '2012'; 5-year band (single-year-of-age not available in this dataset); row 'Praha N' / col '10-14'
2012,2012-12-31,Praha 14,547221,,15,19,2510,population,,csu-vekove-slozeni-mc-2011-2025,historical,ČSÚ KOD_ZUJ=547361; sheet '2012'; 5-year band (single-year-of-age not available in this dataset); row 'Praha N' / col '15-19'
2013,2013-12-31,Praha 3,547107,,0,4,3691,population,,csu-vekove-slozeni-mc-2011-2025,historical,ČSÚ KOD_ZUJ=500097; sheet '2013'; 5-year band (single-year-of-age not available in this dataset); row 'Praha N' / col '0-4'
2013,2013-12-31,Praha 3,547107,,5,9,2759,population,,csu-vekove-slozeni-mc-2011-2025,historical,ČSÚ KOD_ZUJ=500097; sheet '2013'; 5-year band (single-year-of-age not available in this dataset); row 'Praha N' / col '5-9'
2013,2013-12-31,Praha 3,547107,,10,14,2010,population,,csu-vekove-slozeni-mc-2011-2025,historical,ČSÚ KOD_ZUJ=500097; sheet '2013'; 5-year band (single-year-of-age not available in this dataset); row 'Praha N' / col '10-14'
2013,2013-12-31,Praha 3,547107,,15,19,2300,population,,csu-vekove-slozeni-mc-2011-2025,historical,ČSÚ KOD_ZUJ=500097; sheet '2013'; 5-year band (single-year-of-age not available in this dataset); row 'Praha N' / col '15-19'
2013,2013-12-31,Praha 7,547141,,0,4,2558,population,,csu-vekove-slozeni-mc-2011-2025,historical,ČSÚ KOD_ZUJ=500186; sheet '2013'; 5-year band (single-year-of-age not available in this dataset); row 'Praha N' / col '0-4'
2013,2013-12-31,Praha 7,547141,,5,9,1815,population,,csu-vekove-slozeni-mc-2011-2025,historical,ČSÚ KOD_ZUJ=500186; sheet '2013'; 5-year band (single-year-of-age not available in this dataset); row 'Praha N' / col '5-9'
2013,2013-12-31,Praha 7,547141,,10,14,1263,population,,csu-vekove-slozeni-mc-2011-2025,historical,ČSÚ KOD_ZUJ=500186; sheet '2013'; 5-year band (single-year-of-age not available in this dataset); row 'Praha N' / col '10-14'
2013,2013-12-31,Praha 7,547141,,15,19,1358,population,,csu-vekove-slozeni-mc-2011-2025,historical,ČSÚ KOD_ZUJ=500186; sheet '2013'; 5-year band (single-year-of-age not available in this dataset); row 'Praha N' / col '15-19'
2013,2013-12-31,Praha 8,547158,,0,4,5816,population,,csu-vekove-slozeni-mc-2011-2025,historical,ČSÚ KOD_ZUJ=500208; sheet '2013'; 5-year band (single-year-of-age not available in this dataset); row 'Praha N' / col '0-4'
2013,2013-12-31,Praha 8,547158,,5,9,5178,population,,csu-vekove-slozeni-mc-2011-2025,historical,ČSÚ KOD_ZUJ=500208; sheet '2013'; 5-year band (single-year-of-age not available in this dataset); row 'Praha N' / col '5-9'
2013,2013-12-31,Praha 8,547158,,10,14,3458,population,,csu-vekove-slozeni-mc-2011-2025,historical,ČSÚ KOD_ZUJ=500208; sheet '2013'; 5-year band (single-year-of-age not available in this dataset); row 'Praha N' / col '10-14'
2013,2013-12-31,Praha 8,547158,,15,19,3443,population,,csu-vekove-slozeni-mc-2011-2025,historical,ČSÚ KOD_ZUJ=500208; sheet '2013'; 5-year band (single-year-of-age not available in this dataset); row 'Praha N' / col '15-19'
2013,2013-12-31,Praha 9,547166,,0,4,3545,population,,csu-vekove-slozeni-mc-2011-2025,historical,ČSÚ KOD_ZUJ=500216; sheet '2013'; 5-year band (single-year-of-age not available in this dataset); row 'Praha N' / col '0-4'
2013,2013-12-31,Praha 9,547166,,5,9,2530,population,,csu-vekove-slozeni-mc-2011-2025,historical,ČSÚ KOD_ZUJ=500216; sheet '2013'; 5-year band (single-year-of-age not available in this dataset); row 'Praha N' / col '5-9'
2013,2013-12-31,Praha 9,547166,,10,14,1707,population,,csu-vekove-slozeni-mc-2011-2025,historical,ČSÚ KOD_ZUJ=500216; sheet '2013'; 5-year band (single-year-of-age not available in this dataset); row 'Praha N' / col '10-14'
2013,2013-12-31,Praha 9,547166,,15,19,1813,population,,csu-vekove-slozeni-mc-2011-2025,historical,ČSÚ KOD_ZUJ=500216; sheet '2013'; 5-year band (single-year-of-age not available in this dataset); row 'Praha N' / col '15-19'
2013,2013-12-31,Praha 10,547174,,0,4,5665,population,,csu-vekove-slozeni-mc-2011-2025,historical,ČSÚ KOD_ZUJ=500224; sheet '2013'; 5-year band (single-year-of-age not available in this dataset); row 'Praha N' / col '0-4'
2013,2013-12-31,Praha 10,547174,,5,9,4539,population,,csu-vekove-slozeni-mc-2011-2025,historical,ČSÚ KOD_ZUJ=500224; sheet '2013'; 5-year band (single-year-of-age not available in this dataset); row 'Praha N' / col '5-9'
2013,2013-12-31,Praha 10,547174,,10,14,3361,population,,csu-vekove-slozeni-mc-2011-2025,historical,ČSÚ KOD_ZUJ=500224; sheet '2013'; 5-year band (single-year-of-age not available in this dataset); row 'Praha N' / col '10-14'
2013,2013-12-31,Praha 10,547174,,15,19,3524,population,,csu-vekove-slozeni-mc-2011-2025,historical,ČSÚ KOD_ZUJ=500224; sheet '2013'; 5-year band (single-year-of-age not available in this dataset); row 'Praha N' / col '15-19'
2013,2013-12-31,Praha 14,547221,,0,4,2523,population,,csu-vekove-slozeni-mc-2011-2025,historical,ČSÚ KOD_ZUJ=547361; sheet '2013'; 5-year band (single-year-of-age not available in this dataset); row 'Praha N' / col '0-4'
2013,2013-12-31,Praha 14,547221,,5,9,2292,population,,csu-vekove-slozeni-mc-2011-2025,historical,ČSÚ KOD_ZUJ=547361; sheet '2013'; 5-year band (single-year-of-age not available in this dataset); row 'Praha N' / col '5-9'
2013,2013-12-31,Praha 14,547221,,10,14,2063,population,,csu-vekove-slozeni-mc-2011-2025,historical,ČSÚ KOD_ZUJ=547361; sheet '2013'; 5-year band (single-year-of-age not available in this dataset); row 'Praha N' / col '10-14'
2013,2013-12-31,Praha 14,547221,,15,19,2372,population,,csu-vekove-slozeni-mc-2011-2025,historical,ČSÚ KOD_ZUJ=547361; sheet '2013'; 5-year band (single-year-of-age not available in this dataset); row 'Praha N' / col '15-19'
2014,2014-12-31,Praha 3,547107,,0,4,3802,population,,csu-vekove-slozeni-mc-2011-2025,historical,ČSÚ KOD_ZUJ=500097; sheet '2014'; 5-year band (single-year-of-age not available in this dataset); row 'Praha N' / col '0-4'
2014,2014-12-31,Praha 3,547107,,5,9,2884,population,,csu-vekove-slozeni-mc-2011-2025,historical,ČSÚ KOD_ZUJ=500097; sheet '2014'; 5-year band (single-year-of-age not available in this dataset); row 'Praha N' / col '5-9'
2014,2014-12-31,Praha 3,547107,,10,14,2120,population,,csu-vekove-slozeni-mc-2011-2025,historical,ČSÚ KOD_ZUJ=500097; sheet '2014'; 5-year band (single-year-of-age not available in this dataset); row 'Praha N' / col '10-14'
2014,2014-12-31,Praha 3,547107,,15,19,2358,population,,csu-vekove-slozeni-mc-2011-2025,historical,ČSÚ KOD_ZUJ=500097; sheet '2014'; 5-year band (single-year-of-age not available in this dataset); row 'Praha N' / col '15-19'
2014,2014-12-31,Praha 7,547141,,0,4,2625,population,,csu-vekove-slozeni-mc-2011-2025,historical,ČSÚ KOD_ZUJ=500186; sheet '2014'; 5-year band (single-year-of-age not available in this dataset); row 'Praha N' / col '0-4'
2014,2014-12-31,Praha 7,547141,,5,9,2030,population,,csu-vekove-slozeni-mc-2011-2025,historical,ČSÚ KOD_ZUJ=500186; sheet '2014'; 5-year band (single-year-of-age not available in this dataset); row 'Praha N' / col '5-9'
2014,2014-12-31,Praha 7,547141,,10,14,1309,population,,csu-vekove-slozeni-mc-2011-2025,historical,ČSÚ KOD_ZUJ=500186; sheet '2014'; 5-year band (single-year-of-age not available in this dataset); row 'Praha N' / col '10-14'
2014,2014-12-31,Praha 7,547141,,15,19,1330,population,,csu-vekove-slozeni-mc-2011-2025,historical,ČSÚ KOD_ZUJ=500186; sheet '2014'; 5-year band (single-year-of-age not available in this dataset); row 'Praha N' / col '15-19'
2014,2014-12-31,Praha 8,547158,,0,4,5698,population,,csu-vekove-slozeni-mc-2011-2025,historical,ČSÚ KOD_ZUJ=500208; sheet '2014'; 5-year band (single-year-of-age not available in this dataset); row 'Praha N' / col '0-4'
2014,2014-12-31,Praha 8,547158,,5,9,5563,population,,csu-vekove-slozeni-mc-2011-2025,historical,ČSÚ KOD_ZUJ=500208; sheet '2014'; 5-year band (single-year-of-age not available in this dataset); row 'Praha N' / col '5-9'
2014,2014-12-31,Praha 8,547158,,10,14,3644,population,,csu-vekove-slozeni-mc-2011-2025,historical,ČSÚ KOD_ZUJ=500208; sheet '2014'; 5-year band (single-year-of-age not available in this dataset); row 'Praha N' / col '10-14'
2014,2014-12-31,Praha 8,547158,,15,19,3453,population,,csu-vekove-slozeni-mc-2011-2025,historical,ČSÚ KOD_ZUJ=500208; sheet '2014'; 5-year band (single-year-of-age not available in this dataset); row 'Praha N' / col '15-19'
2014,2014-12-31,Praha 9,547166,,0,4,3636,population,,csu-vekove-slozeni-mc-2011-2025,historical,ČSÚ KOD_ZUJ=500216; sheet '2014'; 5-year band (single-year-of-age not available in this dataset); row 'Praha N' / col '0-4'
2014,2014-12-31,Praha 9,547166,,5,9,2809,population,,csu-vekove-slozeni-mc-2011-2025,historical,ČSÚ KOD_ZUJ=500216; sheet '2014'; 5-year band (single-year-of-age not available in this dataset); row 'Praha N' / col '5-9'
2014,2014-12-31,Praha 9,547166,,10,14,1876,population,,csu-vekove-slozeni-mc-2011-2025,historical,ČSÚ KOD_ZUJ=500216; sheet '2014'; 5-year band (single-year-of-age not available in this dataset); row 'Praha N' / col '10-14'
2014,2014-12-31,Praha 9,547166,,15,19,1852,population,,csu-vekove-slozeni-mc-2011-2025,historical,ČSÚ KOD_ZUJ=500216; sheet '2014'; 5-year band (single-year-of-age not available in this dataset); row 'Praha N' / col '15-19'
2014,2014-12-31,Praha 10,547174,,0,4,5748,population,,csu-vekove-slozeni-mc-2011-2025,historical,ČSÚ KOD_ZUJ=500224; sheet '2014'; 5-year band (single-year-of-age not available in this dataset); row 'Praha N' / col '0-4'
2014,2014-12-31,Praha 10,547174,,5,9,4917,population,,csu-vekove-slozeni-mc-2011-2025,historical,ČSÚ KOD_ZUJ=500224; sheet '2014'; 5-year band (single-year-of-age not available in this dataset); row 'Praha N' / col '5-9'
2014,2014-12-31,Praha 10,547174,,10,14,3497,population,,csu-vekove-slozeni-mc-2011-2025,historical,ČSÚ KOD_ZUJ=500224; sheet '2014'; 5-year band (single-year-of-age not available in this dataset); row 'Praha N' / col '10-14'
2014,2014-12-31,Praha 10,547174,,15,19,3472,population,,csu-vekove-slozeni-mc-2011-2025,historical,ČSÚ KOD_ZUJ=500224; sheet '2014'; 5-year band (single-year-of-age not available in this dataset); row 'Praha N' / col '15-19'
2014,2014-12-31,Praha 14,547221,,0,4,2510,population,,csu-vekove-slozeni-mc-2011-2025,historical,ČSÚ KOD_ZUJ=547361; sheet '2014'; 5-year band (single-year-of-age not available in this dataset); row 'Praha N' / col '0-4'
2014,2014-12-31,Praha 14,547221,,5,9,2391,population,,csu-vekove-slozeni-mc-2011-2025,historical,ČSÚ KOD_ZUJ=547361; sheet '2014'; 5-year band (single-year-of-age not available in this dataset); row 'Praha N' / col '5-9'
2014,2014-12-31,Praha 14,547221,,10,14,2045,population,,csu-vekove-slozeni-mc-2011-2025,historical,ČSÚ KOD_ZUJ=547361; sheet '2014'; 5-year band (single-year-of-age not available in this dataset); row 'Praha N' / col '10-14'
2014,2014-12-31,Praha 14,547221,,15,19,2314,population,,csu-vekove-slozeni-mc-2011-2025,historical,ČSÚ KOD_ZUJ=547361; sheet '2014'; 5-year band (single-year-of-age not available in this dataset); row 'Praha N' / col '15-19'
2015,2015-12-31,Praha 3,547107,,0,4,3893,population,,csu-vekove-slozeni-mc-2011-2025,historical,ČSÚ KOD_ZUJ=500097; sheet '2015'; 5-year band (single-year-of-age not available in this dataset); row 'Praha N' / col '0-4'
2015,2015-12-31,Praha 3,547107,,5,9,3067,population,,csu-vekove-slozeni-mc-2011-2025,historical,ČSÚ KOD_ZUJ=500097; sheet '2015'; 5-year band (single-year-of-age not available in this dataset); row 'Praha N' / col '5-9'
2015,2015-12-31,Praha 3,547107,,10,14,2219,population,,csu-vekove-slozeni-mc-2011-2025,historical,ČSÚ KOD_ZUJ=500097; sheet '2015'; 5-year band (single-year-of-age not available in this dataset); row 'Praha N' / col '10-14'
2015,2015-12-31,Praha 3,547107,,15,19,2281,population,,csu-vekove-slozeni-mc-2011-2025,historical,ČSÚ KOD_ZUJ=500097; sheet '2015'; 5-year band (single-year-of-age not available in this dataset); row 'Praha N' / col '15-19'
2015,2015-12-31,Praha 7,547141,,0,4,2701,population,,csu-vekove-slozeni-mc-2011-2025,historical,ČSÚ KOD_ZUJ=500186; sheet '2015'; 5-year band (single-year-of-age not available in this dataset); row 'Praha N' / col '0-4'
2015,2015-12-31,Praha 7,547141,,5,9,2198,population,,csu-vekove-slozeni-mc-2011-2025,historical,ČSÚ KOD_ZUJ=500186; sheet '2015'; 5-year band (single-year-of-age not available in this dataset); row 'Praha N' / col '5-9'
2015,2015-12-31,Praha 7,547141,,10,14,1357,population,,csu-vekove-slozeni-mc-2011-2025,historical,ČSÚ KOD_ZUJ=500186; sheet '2015'; 5-year band (single-year-of-age not available in this dataset); row 'Praha N' / col '10-14'
2015,2015-12-31,Praha 7,547141,,15,19,1310,population,,csu-vekove-slozeni-mc-2011-2025,historical,ČSÚ KOD_ZUJ=500186; sheet '2015'; 5-year band (single-year-of-age not available in this dataset); row 'Praha N' / col '15-19'
2015,2015-12-31,Praha 8,547158,,0,4,5611,population,,csu-vekove-slozeni-mc-2011-2025,historical,ČSÚ KOD_ZUJ=500208; sheet '2015'; 5-year band (single-year-of-age not available in this dataset); row 'Praha N' / col '0-4'
2015,2015-12-31,Praha 8,547158,,5,9,5749,population,,csu-vekove-slozeni-mc-2011-2025,historical,ČSÚ KOD_ZUJ=500208; sheet '2015'; 5-year band (single-year-of-age not available in this dataset); row 'Praha N' / col '5-9'
2015,2015-12-31,Praha 8,547158,,10,14,3923,population,,csu-vekove-slozeni-mc-2011-2025,historical,ČSÚ KOD_ZUJ=500208; sheet '2015'; 5-year band (single-year-of-age not available in this dataset); row 'Praha N' / col '10-14'
2015,2015-12-31,Praha 8,547158,,15,19,3377,population,,csu-vekove-slozeni-mc-2011-2025,historical,ČSÚ KOD_ZUJ=500208; sheet '2015'; 5-year band (single-year-of-age not available in this dataset); row 'Praha N' / col '15-19'
2015,2015-12-31,Praha 9,547166,,0,4,3644,population,,csu-vekove-slozeni-mc-2011-2025,historical,ČSÚ KOD_ZUJ=500216; sheet '2015'; 5-year band (single-year-of-age not available in this dataset); row 'Praha N' / col '0-4'
2015,2015-12-31,Praha 9,547166,,5,9,3092,population,,csu-vekove-slozeni-mc-2011-2025,historical,ČSÚ KOD_ZUJ=500216; sheet '2015'; 5-year band (single-year-of-age not available in this dataset); row 'Praha N' / col '5-9'
2015,2015-12-31,Praha 9,547166,,10,14,2037,population,,csu-vekove-slozeni-mc-2011-2025,historical,ČSÚ KOD_ZUJ=500216; sheet '2015'; 5-year band (single-year-of-age not available in this dataset); row 'Praha N' / col '10-14'
2015,2015-12-31,Praha 9,547166,,15,19,1828,population,,csu-vekove-slozeni-mc-2011-2025,historical,ČSÚ KOD_ZUJ=500216; sheet '2015'; 5-year band (single-year-of-age not available in this dataset); row 'Praha N' / col '15-19'
2015,2015-12-31,Praha 10,547174,,0,4,5802,population,,csu-vekove-slozeni-mc-2011-2025,historical,ČSÚ KOD_ZUJ=500224; sheet '2015'; 5-year band (single-year-of-age not available in this dataset); row 'Praha N' / col '0-4'
2015,2015-12-31,Praha 10,547174,,5,9,5083,population,,csu-vekove-slozeni-mc-2011-2025,historical,ČSÚ KOD_ZUJ=500224; sheet '2015'; 5-year band (single-year-of-age not available in this dataset); row 'Praha N' / col '5-9'
2015,2015-12-31,Praha 10,547174,,10,14,3686,population,,csu-vekove-slozeni-mc-2011-2025,historical,ČSÚ KOD_ZUJ=500224; sheet '2015'; 5-year band (single-year-of-age not available in this dataset); row 'Praha N' / col '10-14'
2015,2015-12-31,Praha 10,547174,,15,19,3488,population,,csu-vekove-slozeni-mc-2011-2025,historical,ČSÚ KOD_ZUJ=500224; sheet '2015'; 5-year band (single-year-of-age not available in this dataset); row 'Praha N' / col '15-19'
2015,2015-12-31,Praha 14,547221,,0,4,2494,population,,csu-vekove-slozeni-mc-2011-2025,historical,ČSÚ KOD_ZUJ=547361; sheet '2015'; 5-year band (single-year-of-age not available in this dataset); row 'Praha N' / col '0-4'
2015,2015-12-31,Praha 14,547221,,5,9,2451,population,,csu-vekove-slozeni-mc-2011-2025,historical,ČSÚ KOD_ZUJ=547361; sheet '2015'; 5-year band (single-year-of-age not available in this dataset); row 'Praha N' / col '5-9'
2015,2015-12-31,Praha 14,547221,,10,14,2072,population,,csu-vekove-slozeni-mc-2011-2025,historical,ČSÚ KOD_ZUJ=547361; sheet '2015'; 5-year band (single-year-of-age not available in this dataset); row 'Praha N' / col '10-14'
2015,2015-12-31,Praha 14,547221,,15,19,2301,population,,csu-vekove-slozeni-mc-2011-2025,historical,ČSÚ KOD_ZUJ=547361; sheet '2015'; 5-year band (single-year-of-age not available in this dataset); row 'Praha N' / col '15-19'
2016,2016-12-31,Praha 3,547107,,0,4,3948,population,,csu-vekove-slozeni-mc-2011-2025,historical,ČSÚ KOD_ZUJ=500097; sheet '2016'; 5-year band (single-year-of-age not available in this dataset); row 'Praha N' / col '0-4'
2016,2016-12-31,Praha 3,547107,,5,9,3194,population,,csu-vekove-slozeni-mc-2011-2025,historical,ČSÚ KOD_ZUJ=500097; sheet '2016'; 5-year band (single-year-of-age not available in this dataset); row 'Praha N' / col '5-9'
2016,2016-12-31,Praha 3,547107,,10,14,2360,population,,csu-vekove-slozeni-mc-2011-2025,historical,ČSÚ KOD_ZUJ=500097; sheet '2016'; 5-year band (single-year-of-age not available in this dataset); row 'Praha N' / col '10-14'
2016,2016-12-31,Praha 3,547107,,15,19,2258,population,,csu-vekove-slozeni-mc-2011-2025,historical,ČSÚ KOD_ZUJ=500097; sheet '2016'; 5-year band (single-year-of-age not available in this dataset); row 'Praha N' / col '15-19'
2016,2016-12-31,Praha 7,547141,,0,4,2725,population,,csu-vekove-slozeni-mc-2011-2025,historical,ČSÚ KOD_ZUJ=500186; sheet '2016'; 5-year band (single-year-of-age not available in this dataset); row 'Praha N' / col '0-4'
2016,2016-12-31,Praha 7,547141,,5,9,2305,population,,csu-vekove-slozeni-mc-2011-2025,historical,ČSÚ KOD_ZUJ=500186; sheet '2016'; 5-year band (single-year-of-age not available in this dataset); row 'Praha N' / col '5-9'
2016,2016-12-31,Praha 7,547141,,10,14,1469,population,,csu-vekove-slozeni-mc-2011-2025,historical,ČSÚ KOD_ZUJ=500186; sheet '2016'; 5-year band (single-year-of-age not available in this dataset); row 'Praha N' / col '10-14'
2016,2016-12-31,Praha 7,547141,,15,19,1369,population,,csu-vekove-slozeni-mc-2011-2025,historical,ČSÚ KOD_ZUJ=500186; sheet '2016'; 5-year band (single-year-of-age not available in this dataset); row 'Praha N' / col '15-19'
2016,2016-12-31,Praha 8,547158,,0,4,5586,population,,csu-vekove-slozeni-mc-2011-2025,historical,ČSÚ KOD_ZUJ=500208; sheet '2016'; 5-year band (single-year-of-age not available in this dataset); row 'Praha N' / col '0-4'
2016,2016-12-31,Praha 8,547158,,5,9,5748,population,,csu-vekove-slozeni-mc-2011-2025,historical,ČSÚ KOD_ZUJ=500208; sheet '2016'; 5-year band (single-year-of-age not available in this dataset); row 'Praha N' / col '5-9'
2016,2016-12-31,Praha 8,547158,,10,14,4190,population,,csu-vekove-slozeni-mc-2011-2025,historical,ČSÚ KOD_ZUJ=500208; sheet '2016'; 5-year band (single-year-of-age not available in this dataset); row 'Praha N' / col '10-14'
2016,2016-12-31,Praha 8,547158,,15,19,3451,population,,csu-vekove-slozeni-mc-2011-2025,historical,ČSÚ KOD_ZUJ=500208; sheet '2016'; 5-year band (single-year-of-age not available in this dataset); row 'Praha N' / col '15-19'
2016,2016-12-31,Praha 9,547166,,0,4,3758,population,,csu-vekove-slozeni-mc-2011-2025,historical,ČSÚ KOD_ZUJ=500216; sheet '2016'; 5-year band (single-year-of-age not available in this dataset); row 'Praha N' / col '0-4'
2016,2016-12-31,Praha 9,547166,,5,9,3195,population,,csu-vekove-slozeni-mc-2011-2025,historical,ČSÚ KOD_ZUJ=500216; sheet '2016'; 5-year band (single-year-of-age not available in this dataset); row 'Praha N' / col '5-9'
2016,2016-12-31,Praha 9,547166,,10,14,2155,population,,csu-vekove-slozeni-mc-2011-2025,historical,ČSÚ KOD_ZUJ=500216; sheet '2016'; 5-year band (single-year-of-age not available in this dataset); row 'Praha N' / col '10-14'
2016,2016-12-31,Praha 9,547166,,15,19,1878,population,,csu-vekove-slozeni-mc-2011-2025,historical,ČSÚ KOD_ZUJ=500216; sheet '2016'; 5-year band (single-year-of-age not available in this dataset); row 'Praha N' / col '15-19'
2016,2016-12-31,Praha 10,547174,,0,4,5932,population,,csu-vekove-slozeni-mc-2011-2025,historical,ČSÚ KOD_ZUJ=500224; sheet '2016'; 5-year band (single-year-of-age not available in this dataset); row 'Praha N' / col '0-4'
2016,2016-12-31,Praha 10,547174,,5,9,5326,population,,csu-vekove-slozeni-mc-2011-2025,historical,ČSÚ KOD_ZUJ=500224; sheet '2016'; 5-year band (single-year-of-age not available in this dataset); row 'Praha N' / col '5-9'
2016,2016-12-31,Praha 10,547174,,10,14,3902,population,,csu-vekove-slozeni-mc-2011-2025,historical,ČSÚ KOD_ZUJ=500224; sheet '2016'; 5-year band (single-year-of-age not available in this dataset); row 'Praha N' / col '10-14'
2016,2016-12-31,Praha 10,547174,,15,19,3519,population,,csu-vekove-slozeni-mc-2011-2025,historical,ČSÚ KOD_ZUJ=500224; sheet '2016'; 5-year band (single-year-of-age not available in this dataset); row 'Praha N' / col '15-19'
2016,2016-12-31,Praha 14,547221,,0,4,2594,population,,csu-vekove-slozeni-mc-2011-2025,historical,ČSÚ KOD_ZUJ=547361; sheet '2016'; 5-year band (single-year-of-age not available in this dataset); row 'Praha N' / col '0-4'
2016,2016-12-31,Praha 14,547221,,5,9,2397,population,,csu-vekove-slozeni-mc-2011-2025,historical,ČSÚ KOD_ZUJ=547361; sheet '2016'; 5-year band (single-year-of-age not available in this dataset); row 'Praha N' / col '5-9'
2016,2016-12-31,Praha 14,547221,,10,14,2176,population,,csu-vekove-slozeni-mc-2011-2025,historical,ČSÚ KOD_ZUJ=547361; sheet '2016'; 5-year band (single-year-of-age not available in this dataset); row 'Praha N' / col '10-14'
2016,2016-12-31,Praha 14,547221,,15,19,2254,population,,csu-vekove-slozeni-mc-2011-2025,historical,ČSÚ KOD_ZUJ=547361; sheet '2016'; 5-year band (single-year-of-age not available in this dataset); row 'Praha N' / col '15-19'
2017,2017-12-31,Praha 3,547107,,0,4,4141,population,,csu-vekove-slozeni-mc-2011-2025,historical,ČSÚ KOD_ZUJ=500097; sheet '2017'; 5-year band (single-year-of-age not available in this dataset); row 'Praha N' / col '0-4'
2017,2017-12-31,Praha 3,547107,,5,9,3343,population,,csu-vekove-slozeni-mc-2011-2025,historical,ČSÚ KOD_ZUJ=500097; sheet '2017'; 5-year band (single-year-of-age not available in this dataset); row 'Praha N' / col '5-9'
2017,2017-12-31,Praha 3,547107,,10,14,2501,population,,csu-vekove-slozeni-mc-2011-2025,historical,ČSÚ KOD_ZUJ=500097; sheet '2017'; 5-year band (single-year-of-age not available in this dataset); row 'Praha N' / col '10-14'
2017,2017-12-31,Praha 3,547107,,15,19,2285,population,,csu-vekove-slozeni-mc-2011-2025,historical,ČSÚ KOD_ZUJ=500097; sheet '2017'; 5-year band (single-year-of-age not available in this dataset); row 'Praha N' / col '15-19'
2017,2017-12-31,Praha 7,547141,,0,4,2764,population,,csu-vekove-slozeni-mc-2011-2025,historical,ČSÚ KOD_ZUJ=500186; sheet '2017'; 5-year band (single-year-of-age not available in this dataset); row 'Praha N' / col '0-4'
2017,2017-12-31,Praha 7,547141,,5,9,2386,population,,csu-vekove-slozeni-mc-2011-2025,historical,ČSÚ KOD_ZUJ=500186; sheet '2017'; 5-year band (single-year-of-age not available in this dataset); row 'Praha N' / col '5-9'
2017,2017-12-31,Praha 7,547141,,10,14,1630,population,,csu-vekove-slozeni-mc-2011-2025,historical,ČSÚ KOD_ZUJ=500186; sheet '2017'; 5-year band (single-year-of-age not available in this dataset); row 'Praha N' / col '10-14'
2017,2017-12-31,Praha 7,547141,,15,19,1345,population,,csu-vekove-slozeni-mc-2011-2025,historical,ČSÚ KOD_ZUJ=500186; sheet '2017'; 5-year band (single-year-of-age not available in this dataset); row 'Praha N' / col '15-19'
2017,2017-12-31,Praha 8,547158,,0,4,5507,population,,csu-vekove-slozeni-mc-2011-2025,historical,ČSÚ KOD_ZUJ=500208; sheet '2017'; 5-year band (single-year-of-age not available in this dataset); row 'Praha N' / col '0-4'
2017,2017-12-31,Praha 8,547158,,5,9,5720,population,,csu-vekove-slozeni-mc-2011-2025,historical,ČSÚ KOD_ZUJ=500208; sheet '2017'; 5-year band (single-year-of-age not available in this dataset); row 'Praha N' / col '5-9'
2017,2017-12-31,Praha 8,547158,,10,14,4581,population,,csu-vekove-slozeni-mc-2011-2025,historical,ČSÚ KOD_ZUJ=500208; sheet '2017'; 5-year band (single-year-of-age not available in this dataset); row 'Praha N' / col '10-14'
2017,2017-12-31,Praha 8,547158,,15,19,3485,population,,csu-vekove-slozeni-mc-2011-2025,historical,ČSÚ KOD_ZUJ=500208; sheet '2017'; 5-year band (single-year-of-age not available in this dataset); row 'Praha N' / col '15-19'
2017,2017-12-31,Praha 9,547166,,0,4,3750,population,,csu-vekove-slozeni-mc-2011-2025,historical,ČSÚ KOD_ZUJ=500216; sheet '2017'; 5-year band (single-year-of-age not available in this dataset); row 'Praha N' / col '0-4'
2017,2017-12-31,Praha 9,547166,,5,9,3275,population,,csu-vekove-slozeni-mc-2011-2025,historical,ČSÚ KOD_ZUJ=500216; sheet '2017'; 5-year band (single-year-of-age not available in this dataset); row 'Praha N' / col '5-9'
2017,2017-12-31,Praha 9,547166,,10,14,2406,population,,csu-vekove-slozeni-mc-2011-2025,historical,ČSÚ KOD_ZUJ=500216; sheet '2017'; 5-year band (single-year-of-age not available in this dataset); row 'Praha N' / col '10-14'
2017,2017-12-31,Praha 9,547166,,15,19,1941,population,,csu-vekove-slozeni-mc-2011-2025,historical,ČSÚ KOD_ZUJ=500216; sheet '2017'; 5-year band (single-year-of-age not available in this dataset); row 'Praha N' / col '15-19'
2017,2017-12-31,Praha 10,547174,,0,4,6122,population,,csu-vekove-slozeni-mc-2011-2025,historical,ČSÚ KOD_ZUJ=500224; sheet '2017'; 5-year band (single-year-of-age not available in this dataset); row 'Praha N' / col '0-4'
2017,2017-12-31,Praha 10,547174,,5,9,5373,population,,csu-vekove-slozeni-mc-2011-2025,historical,ČSÚ KOD_ZUJ=500224; sheet '2017'; 5-year band (single-year-of-age not available in this dataset); row 'Praha N' / col '5-9'
2017,2017-12-31,Praha 10,547174,,10,14,4226,population,,csu-vekove-slozeni-mc-2011-2025,historical,ČSÚ KOD_ZUJ=500224; sheet '2017'; 5-year band (single-year-of-age not available in this dataset); row 'Praha N' / col '10-14'
2017,2017-12-31,Praha 10,547174,,15,19,3539,population,,csu-vekove-slozeni-mc-2011-2025,historical,ČSÚ KOD_ZUJ=500224; sheet '2017'; 5-year band (single-year-of-age not available in this dataset); row 'Praha N' / col '15-19'
2017,2017-12-31,Praha 14,547221,,0,4,2675,population,,csu-vekove-slozeni-mc-2011-2025,historical,ČSÚ KOD_ZUJ=547361; sheet '2017'; 5-year band (single-year-of-age not available in this dataset); row 'Praha N' / col '0-4'
2017,2017-12-31,Praha 14,547221,,5,9,2457,population,,csu-vekove-slozeni-mc-2011-2025,historical,ČSÚ KOD_ZUJ=547361; sheet '2017'; 5-year band (single-year-of-age not available in this dataset); row 'Praha N' / col '5-9'
2017,2017-12-31,Praha 14,547221,,10,14,2168,population,,csu-vekove-slozeni-mc-2011-2025,historical,ČSÚ KOD_ZUJ=547361; sheet '2017'; 5-year band (single-year-of-age not available in this dataset); row 'Praha N' / col '10-14'
2017,2017-12-31,Praha 14,547221,,15,19,2288,population,,csu-vekove-slozeni-mc-2011-2025,historical,ČSÚ KOD_ZUJ=547361; sheet '2017'; 5-year band (single-year-of-age not available in this dataset); row 'Praha N' / col '15-19'
2018,2018-12-31,Praha 3,547107,,0,4,4211,population,,csu-vekove-slozeni-mc-2011-2025,historical,ČSÚ KOD_ZUJ=500097; sheet '2018'; 5-year band (single-year-of-age not available in this dataset); row 'Praha N' / col '0-4'
2018,2018-12-31,Praha 3,547107,,5,9,3355,population,,csu-vekove-slozeni-mc-2011-2025,historical,ČSÚ KOD_ZUJ=500097; sheet '2018'; 5-year band (single-year-of-age not available in this dataset); row 'Praha N' / col '5-9'
2018,2018-12-31,Praha 3,547107,,10,14,2695,population,,csu-vekove-slozeni-mc-2011-2025,historical,ČSÚ KOD_ZUJ=500097; sheet '2018'; 5-year band (single-year-of-age not available in this dataset); row 'Praha N' / col '10-14'
2018,2018-12-31,Praha 3,547107,,15,19,2312,population,,csu-vekove-slozeni-mc-2011-2025,historical,ČSÚ KOD_ZUJ=500097; sheet '2018'; 5-year band (single-year-of-age not available in this dataset); row 'Praha N' / col '15-19'
2018,2018-12-31,Praha 7,547141,,0,4,2890,population,,csu-vekove-slozeni-mc-2011-2025,historical,ČSÚ KOD_ZUJ=500186; sheet '2018'; 5-year band (single-year-of-age not available in this dataset); row 'Praha N' / col '0-4'
2018,2018-12-31,Praha 7,547141,,5,9,2396,population,,csu-vekove-slozeni-mc-2011-2025,historical,ČSÚ KOD_ZUJ=500186; sheet '2018'; 5-year band (single-year-of-age not available in this dataset); row 'Praha N' / col '5-9'
2018,2018-12-31,Praha 7,547141,,10,14,1780,population,,csu-vekove-slozeni-mc-2011-2025,historical,ČSÚ KOD_ZUJ=500186; sheet '2018'; 5-year band (single-year-of-age not available in this dataset); row 'Praha N' / col '10-14'
2018,2018-12-31,Praha 7,547141,,15,19,1323,population,,csu-vekove-slozeni-mc-2011-2025,historical,ČSÚ KOD_ZUJ=500186; sheet '2018'; 5-year band (single-year-of-age not available in this dataset); row 'Praha N' / col '15-19'
2018,2018-12-31,Praha 8,547158,,0,4,5522,population,,csu-vekove-slozeni-mc-2011-2025,historical,ČSÚ KOD_ZUJ=500208; sheet '2018'; 5-year band (single-year-of-age not available in this dataset); row 'Praha N' / col '0-4'
2018,2018-12-31,Praha 8,547158,,5,9,5563,population,,csu-vekove-slozeni-mc-2011-2025,historical,ČSÚ KOD_ZUJ=500208; sheet '2018'; 5-year band (single-year-of-age not available in this dataset); row 'Praha N' / col '5-9'
2018,2018-12-31,Praha 8,547158,,10,14,4945,population,,csu-vekove-slozeni-mc-2011-2025,historical,ČSÚ KOD_ZUJ=500208; sheet '2018'; 5-year band (single-year-of-age not available in this dataset); row 'Praha N' / col '10-14'
2018,2018-12-31,Praha 8,547158,,15,19,3567,population,,csu-vekove-slozeni-mc-2011-2025,historical,ČSÚ KOD_ZUJ=500208; sheet '2018'; 5-year band (single-year-of-age not available in this dataset); row 'Praha N' / col '15-19'
2018,2018-12-31,Praha 9,547166,,0,4,3804,population,,csu-vekove-slozeni-mc-2011-2025,historical,ČSÚ KOD_ZUJ=500216; sheet '2018'; 5-year band (single-year-of-age not available in this dataset); row 'Praha N' / col '0-4'
2018,2018-12-31,Praha 9,547166,,5,9,3297,population,,csu-vekove-slozeni-mc-2011-2025,historical,ČSÚ KOD_ZUJ=500216; sheet '2018'; 5-year band (single-year-of-age not available in this dataset); row 'Praha N' / col '5-9'
2018,2018-12-31,Praha 9,547166,,10,14,2634,population,,csu-vekove-slozeni-mc-2011-2025,historical,ČSÚ KOD_ZUJ=500216; sheet '2018'; 5-year band (single-year-of-age not available in this dataset); row 'Praha N' / col '10-14'
2018,2018-12-31,Praha 9,547166,,15,19,1988,population,,csu-vekove-slozeni-mc-2011-2025,historical,ČSÚ KOD_ZUJ=500216; sheet '2018'; 5-year band (single-year-of-age not available in this dataset); row 'Praha N' / col '15-19'
2018,2018-12-31,Praha 10,547174,,0,4,6193,population,,csu-vekove-slozeni-mc-2011-2025,historical,ČSÚ KOD_ZUJ=500224; sheet '2018'; 5-year band (single-year-of-age not available in this dataset); row 'Praha N' / col '0-4'
2018,2018-12-31,Praha 10,547174,,5,9,5373,population,,csu-vekove-slozeni-mc-2011-2025,historical,ČSÚ KOD_ZUJ=500224; sheet '2018'; 5-year band (single-year-of-age not available in this dataset); row 'Praha N' / col '5-9'
2018,2018-12-31,Praha 10,547174,,10,14,4528,population,,csu-vekove-slozeni-mc-2011-2025,historical,ČSÚ KOD_ZUJ=500224; sheet '2018'; 5-year band (single-year-of-age not available in this dataset); row 'Praha N' / col '10-14'
2018,2018-12-31,Praha 10,547174,,15,19,3606,population,,csu-vekove-slozeni-mc-2011-2025,historical,ČSÚ KOD_ZUJ=500224; sheet '2018'; 5-year band (single-year-of-age not available in this dataset); row 'Praha N' / col '15-19'
2018,2018-12-31,Praha 14,547221,,0,4,2692,population,,csu-vekove-slozeni-mc-2011-2025,historical,ČSÚ KOD_ZUJ=547361; sheet '2018'; 5-year band (single-year-of-age not available in this dataset); row 'Praha N' / col '0-4'
2018,2018-12-31,Praha 14,547221,,5,9,2420,population,,csu-vekove-slozeni-mc-2011-2025,historical,ČSÚ KOD_ZUJ=547361; sheet '2018'; 5-year band (single-year-of-age not available in this dataset); row 'Praha N' / col '5-9'
2018,2018-12-31,Praha 14,547221,,10,14,2248,population,,csu-vekove-slozeni-mc-2011-2025,historical,ČSÚ KOD_ZUJ=547361; sheet '2018'; 5-year band (single-year-of-age not available in this dataset); row 'Praha N' / col '10-14'
2018,2018-12-31,Praha 14,547221,,15,19,2325,population,,csu-vekove-slozeni-mc-2011-2025,historical,ČSÚ KOD_ZUJ=547361; sheet '2018'; 5-year band (single-year-of-age not available in this dataset); row 'Praha N' / col '15-19'
2019,2019-12-31,Praha 3,547107,,0,4,4247,population,,csu-vekove-slozeni-mc-2011-2025,historical,ČSÚ KOD_ZUJ=500097; sheet '2019'; 5-year band (single-year-of-age not available in this dataset); row 'Praha N' / col '0-4'
2019,2019-12-31,Praha 3,547107,,5,9,3372,population,,csu-vekove-slozeni-mc-2011-2025,historical,ČSÚ KOD_ZUJ=500097; sheet '2019'; 5-year band (single-year-of-age not available in this dataset); row 'Praha N' / col '5-9'
2019,2019-12-31,Praha 3,547107,,10,14,2819,population,,csu-vekove-slozeni-mc-2011-2025,historical,ČSÚ KOD_ZUJ=500097; sheet '2019'; 5-year band (single-year-of-age not available in this dataset); row 'Praha N' / col '10-14'
2019,2019-12-31,Praha 3,547107,,15,19,2509,population,,csu-vekove-slozeni-mc-2011-2025,historical,ČSÚ KOD_ZUJ=500097; sheet '2019'; 5-year band (single-year-of-age not available in this dataset); row 'Praha N' / col '15-19'
2019,2019-12-31,Praha 7,547141,,0,4,2941,population,,csu-vekove-slozeni-mc-2011-2025,historical,ČSÚ KOD_ZUJ=500186; sheet '2019'; 5-year band (single-year-of-age not available in this dataset); row 'Praha N' / col '0-4'
2019,2019-12-31,Praha 7,547141,,5,9,2408,population,,csu-vekove-slozeni-mc-2011-2025,historical,ČSÚ KOD_ZUJ=500186; sheet '2019'; 5-year band (single-year-of-age not available in this dataset); row 'Praha N' / col '5-9'
2019,2019-12-31,Praha 7,547141,,10,14,1943,population,,csu-vekove-slozeni-mc-2011-2025,historical,ČSÚ KOD_ZUJ=500186; sheet '2019'; 5-year band (single-year-of-age not available in this dataset); row 'Praha N' / col '10-14'
2019,2019-12-31,Praha 7,547141,,15,19,1375,population,,csu-vekove-slozeni-mc-2011-2025,historical,ČSÚ KOD_ZUJ=500186; sheet '2019'; 5-year band (single-year-of-age not available in this dataset); row 'Praha N' / col '15-19'
2019,2019-12-31,Praha 8,547158,,0,4,5496,population,,csu-vekove-slozeni-mc-2011-2025,historical,ČSÚ KOD_ZUJ=500208; sheet '2019'; 5-year band (single-year-of-age not available in this dataset); row 'Praha N' / col '0-4'
2019,2019-12-31,Praha 8,547158,,5,9,5340,population,,csu-vekove-slozeni-mc-2011-2025,historical,ČSÚ KOD_ZUJ=500208; sheet '2019'; 5-year band (single-year-of-age not available in this dataset); row 'Praha N' / col '5-9'
2019,2019-12-31,Praha 8,547158,,10,14,5307,population,,csu-vekove-slozeni-mc-2011-2025,historical,ČSÚ KOD_ZUJ=500208; sheet '2019'; 5-year band (single-year-of-age not available in this dataset); row 'Praha N' / col '10-14'
2019,2019-12-31,Praha 8,547158,,15,19,3730,population,,csu-vekove-slozeni-mc-2011-2025,historical,ČSÚ KOD_ZUJ=500208; sheet '2019'; 5-year band (single-year-of-age not available in this dataset); row 'Praha N' / col '15-19'
2019,2019-12-31,Praha 9,547166,,0,4,3770,population,,csu-vekove-slozeni-mc-2011-2025,historical,ČSÚ KOD_ZUJ=500216; sheet '2019'; 5-year band (single-year-of-age not available in this dataset); row 'Praha N' / col '0-4'
2019,2019-12-31,Praha 9,547166,,5,9,3375,population,,csu-vekove-slozeni-mc-2011-2025,historical,ČSÚ KOD_ZUJ=500216; sheet '2019'; 5-year band (single-year-of-age not available in this dataset); row 'Praha N' / col '5-9'
2019,2019-12-31,Praha 9,547166,,10,14,2855,population,,csu-vekove-slozeni-mc-2011-2025,historical,ČSÚ KOD_ZUJ=500216; sheet '2019'; 5-year band (single-year-of-age not available in this dataset); row 'Praha N' / col '10-14'
2019,2019-12-31,Praha 9,547166,,15,19,2144,population,,csu-vekove-slozeni-mc-2011-2025,historical,ČSÚ KOD_ZUJ=500216; sheet '2019'; 5-year band (single-year-of-age not available in this dataset); row 'Praha N' / col '15-19'
2019,2019-12-31,Praha 10,547174,,0,4,6210,population,,csu-vekove-slozeni-mc-2011-2025,historical,ČSÚ KOD_ZUJ=500224; sheet '2019'; 5-year band (single-year-of-age not available in this dataset); row 'Praha N' / col '0-4'
2019,2019-12-31,Praha 10,547174,,5,9,5401,population,,csu-vekove-slozeni-mc-2011-2025,historical,ČSÚ KOD_ZUJ=500224; sheet '2019'; 5-year band (single-year-of-age not available in this dataset); row 'Praha N' / col '5-9'
2019,2019-12-31,Praha 10,547174,,10,14,4862,population,,csu-vekove-slozeni-mc-2011-2025,historical,ČSÚ KOD_ZUJ=500224; sheet '2019'; 5-year band (single-year-of-age not available in this dataset); row 'Praha N' / col '10-14'
2019,2019-12-31,Praha 10,547174,,15,19,3769,population,,csu-vekove-slozeni-mc-2011-2025,historical,ČSÚ KOD_ZUJ=500224; sheet '2019'; 5-year band (single-year-of-age not available in this dataset); row 'Praha N' / col '15-19'
2019,2019-12-31,Praha 14,547221,,0,4,2671,population,,csu-vekove-slozeni-mc-2011-2025,historical,ČSÚ KOD_ZUJ=547361; sheet '2019'; 5-year band (single-year-of-age not available in this dataset); row 'Praha N' / col '0-4'
2019,2019-12-31,Praha 14,547221,,5,9,2423,population,,csu-vekove-slozeni-mc-2011-2025,historical,ČSÚ KOD_ZUJ=547361; sheet '2019'; 5-year band (single-year-of-age not available in this dataset); row 'Praha N' / col '5-9'
2019,2019-12-31,Praha 14,547221,,10,14,2369,population,,csu-vekove-slozeni-mc-2011-2025,historical,ČSÚ KOD_ZUJ=547361; sheet '2019'; 5-year band (single-year-of-age not available in this dataset); row 'Praha N' / col '10-14'
2019,2019-12-31,Praha 14,547221,,15,19,2302,population,,csu-vekove-slozeni-mc-2011-2025,historical,ČSÚ KOD_ZUJ=547361; sheet '2019'; 5-year band (single-year-of-age not available in this dataset); row 'Praha N' / col '15-19'
2020,2020-12-31,Praha 3,547107,,0,4,4176,population,,csu-vekove-slozeni-mc-2011-2025,historical,ČSÚ KOD_ZUJ=500097; sheet '2020'; 5-year band (single-year-of-age not available in this dataset); row 'Praha N' / col '0-4'
2020,2020-12-31,Praha 3,547107,,5,9,3453,population,,csu-vekove-slozeni-mc-2011-2025,historical,ČSÚ KOD_ZUJ=500097; sheet '2020'; 5-year band (single-year-of-age not available in this dataset); row 'Praha N' / col '5-9'
2020,2020-12-31,Praha 3,547107,,10,14,2947,population,,csu-vekove-slozeni-mc-2011-2025,historical,ČSÚ KOD_ZUJ=500097; sheet '2020'; 5-year band (single-year-of-age not available in this dataset); row 'Praha N' / col '10-14'
2020,2020-12-31,Praha 3,547107,,15,19,2624,population,,csu-vekove-slozeni-mc-2011-2025,historical,ČSÚ KOD_ZUJ=500097; sheet '2020'; 5-year band (single-year-of-age not available in this dataset); row 'Praha N' / col '15-19'
2020,2020-12-31,Praha 7,547141,,0,4,2922,population,,csu-vekove-slozeni-mc-2011-2025,historical,ČSÚ KOD_ZUJ=500186; sheet '2020'; 5-year band (single-year-of-age not available in this dataset); row 'Praha N' / col '0-4'
2020,2020-12-31,Praha 7,547141,,5,9,2465,population,,csu-vekove-slozeni-mc-2011-2025,historical,ČSÚ KOD_ZUJ=500186; sheet '2020'; 5-year band (single-year-of-age not available in this dataset); row 'Praha N' / col '5-9'
2020,2020-12-31,Praha 7,547141,,10,14,2065,population,,csu-vekove-slozeni-mc-2011-2025,historical,ČSÚ KOD_ZUJ=500186; sheet '2020'; 5-year band (single-year-of-age not available in this dataset); row 'Praha N' / col '10-14'
2020,2020-12-31,Praha 7,547141,,15,19,1492,population,,csu-vekove-slozeni-mc-2011-2025,historical,ČSÚ KOD_ZUJ=500186; sheet '2020'; 5-year band (single-year-of-age not available in this dataset); row 'Praha N' / col '15-19'
2020,2020-12-31,Praha 8,547158,,0,4,5493,population,,csu-vekove-slozeni-mc-2011-2025,historical,ČSÚ KOD_ZUJ=500208; sheet '2020'; 5-year band (single-year-of-age not available in this dataset); row 'Praha N' / col '0-4'
2020,2020-12-31,Praha 8,547158,,5,9,5219,population,,csu-vekove-slozeni-mc-2011-2025,historical,ČSÚ KOD_ZUJ=500208; sheet '2020'; 5-year band (single-year-of-age not available in this dataset); row 'Praha N' / col '5-9'
2020,2020-12-31,Praha 8,547158,,10,14,5397,population,,csu-vekove-slozeni-mc-2011-2025,historical,ČSÚ KOD_ZUJ=500208; sheet '2020'; 5-year band (single-year-of-age not available in this dataset); row 'Praha N' / col '10-14'
2020,2020-12-31,Praha 8,547158,,15,19,3966,population,,csu-vekove-slozeni-mc-2011-2025,historical,ČSÚ KOD_ZUJ=500208; sheet '2020'; 5-year band (single-year-of-age not available in this dataset); row 'Praha N' / col '15-19'
2020,2020-12-31,Praha 9,547166,,0,4,3749,population,,csu-vekove-slozeni-mc-2011-2025,historical,ČSÚ KOD_ZUJ=500216; sheet '2020'; 5-year band (single-year-of-age not available in this dataset); row 'Praha N' / col '0-4'
2020,2020-12-31,Praha 9,547166,,5,9,3334,population,,csu-vekove-slozeni-mc-2011-2025,historical,ČSÚ KOD_ZUJ=500216; sheet '2020'; 5-year band (single-year-of-age not available in this dataset); row 'Praha N' / col '5-9'
2020,2020-12-31,Praha 9,547166,,10,14,3102,population,,csu-vekove-slozeni-mc-2011-2025,historical,ČSÚ KOD_ZUJ=500216; sheet '2020'; 5-year band (single-year-of-age not available in this dataset); row 'Praha N' / col '10-14'
2020,2020-12-31,Praha 9,547166,,15,19,2251,population,,csu-vekove-slozeni-mc-2011-2025,historical,ČSÚ KOD_ZUJ=500216; sheet '2020'; 5-year band (single-year-of-age not available in this dataset); row 'Praha N' / col '15-19'
2020,2020-12-31,Praha 10,547174,,0,4,6041,population,,csu-vekove-slozeni-mc-2011-2025,historical,ČSÚ KOD_ZUJ=500224; sheet '2020'; 5-year band (single-year-of-age not available in this dataset); row 'Praha N' / col '0-4'
2020,2020-12-31,Praha 10,547174,,5,9,5458,population,,csu-vekove-slozeni-mc-2011-2025,historical,ČSÚ KOD_ZUJ=500224; sheet '2020'; 5-year band (single-year-of-age not available in this dataset); row 'Praha N' / col '5-9'
2020,2020-12-31,Praha 10,547174,,10,14,5122,population,,csu-vekove-slozeni-mc-2011-2025,historical,ČSÚ KOD_ZUJ=500224; sheet '2020'; 5-year band (single-year-of-age not available in this dataset); row 'Praha N' / col '10-14'
2020,2020-12-31,Praha 10,547174,,15,19,3890,population,,csu-vekove-slozeni-mc-2011-2025,historical,ČSÚ KOD_ZUJ=500224; sheet '2020'; 5-year band (single-year-of-age not available in this dataset); row 'Praha N' / col '15-19'
2020,2020-12-31,Praha 14,547221,,0,4,2616,population,,csu-vekove-slozeni-mc-2011-2025,historical,ČSÚ KOD_ZUJ=547361; sheet '2020'; 5-year band (single-year-of-age not available in this dataset); row 'Praha N' / col '0-4'
2020,2020-12-31,Praha 14,547221,,5,9,2419,population,,csu-vekove-slozeni-mc-2011-2025,historical,ČSÚ KOD_ZUJ=547361; sheet '2020'; 5-year band (single-year-of-age not available in this dataset); row 'Praha N' / col '5-9'
2020,2020-12-31,Praha 14,547221,,10,14,2458,population,,csu-vekove-slozeni-mc-2011-2025,historical,ČSÚ KOD_ZUJ=547361; sheet '2020'; 5-year band (single-year-of-age not available in this dataset); row 'Praha N' / col '10-14'
2020,2020-12-31,Praha 14,547221,,15,19,2233,population,,csu-vekove-slozeni-mc-2011-2025,historical,ČSÚ KOD_ZUJ=547361; sheet '2020'; 5-year band (single-year-of-age not available in this dataset); row 'Praha N' / col '15-19'
2021,2021-12-31,Praha 3,547107,,0,4,3968,population,,csu-vekove-slozeni-mc-2011-2025,historical,ČSÚ KOD_ZUJ=500097; sheet '2021'; 5-year band (single-year-of-age not available in this dataset); row 'Praha N' / col '0-4'
2021,2021-12-31,Praha 3,547107,,5,9,3241,population,,csu-vekove-slozeni-mc-2011-2025,historical,ČSÚ KOD_ZUJ=500097; sheet '2021'; 5-year band (single-year-of-age not available in this dataset); row 'Praha N' / col '5-9'
2021,2021-12-31,Praha 3,547107,,10,14,2813,population,,csu-vekove-slozeni-mc-2011-2025,historical,ČSÚ KOD_ZUJ=500097; sheet '2021'; 5-year band (single-year-of-age not available in this dataset); row 'Praha N' / col '10-14'
2021,2021-12-31,Praha 3,547107,,15,19,2593,population,,csu-vekove-slozeni-mc-2011-2025,historical,ČSÚ KOD_ZUJ=500097; sheet '2021'; 5-year band (single-year-of-age not available in this dataset); row 'Praha N' / col '15-19'
2021,2021-12-31,Praha 7,547141,,0,4,2722,population,,csu-vekove-slozeni-mc-2011-2025,historical,ČSÚ KOD_ZUJ=500186; sheet '2021'; 5-year band (single-year-of-age not available in this dataset); row 'Praha N' / col '0-4'
2021,2021-12-31,Praha 7,547141,,5,9,2373,population,,csu-vekove-slozeni-mc-2011-2025,historical,ČSÚ KOD_ZUJ=500186; sheet '2021'; 5-year band (single-year-of-age not available in this dataset); row 'Praha N' / col '5-9'
2021,2021-12-31,Praha 7,547141,,10,14,2003,population,,csu-vekove-slozeni-mc-2011-2025,historical,ČSÚ KOD_ZUJ=500186; sheet '2021'; 5-year band (single-year-of-age not available in this dataset); row 'Praha N' / col '10-14'
2021,2021-12-31,Praha 7,547141,,15,19,1589,population,,csu-vekove-slozeni-mc-2011-2025,historical,ČSÚ KOD_ZUJ=500186; sheet '2021'; 5-year band (single-year-of-age not available in this dataset); row 'Praha N' / col '15-19'
2021,2021-12-31,Praha 8,547158,,0,4,5232,population,,csu-vekove-slozeni-mc-2011-2025,historical,ČSÚ KOD_ZUJ=500208; sheet '2021'; 5-year band (single-year-of-age not available in this dataset); row 'Praha N' / col '0-4'
2021,2021-12-31,Praha 8,547158,,5,9,4990,population,,csu-vekove-slozeni-mc-2011-2025,historical,ČSÚ KOD_ZUJ=500208; sheet '2021'; 5-year band (single-year-of-age not available in this dataset); row 'Praha N' / col '5-9'
2021,2021-12-31,Praha 8,547158,,10,14,5139,population,,csu-vekove-slozeni-mc-2011-2025,historical,ČSÚ KOD_ZUJ=500208; sheet '2021'; 5-year band (single-year-of-age not available in this dataset); row 'Praha N' / col '10-14'
2021,2021-12-31,Praha 8,547158,,15,19,4228,population,,csu-vekove-slozeni-mc-2011-2025,historical,ČSÚ KOD_ZUJ=500208; sheet '2021'; 5-year band (single-year-of-age not available in this dataset); row 'Praha N' / col '15-19'
2021,2021-12-31,Praha 9,547166,,0,4,3610,population,,csu-vekove-slozeni-mc-2011-2025,historical,ČSÚ KOD_ZUJ=500216; sheet '2021'; 5-year band (single-year-of-age not available in this dataset); row 'Praha N' / col '0-4'
2021,2021-12-31,Praha 9,547166,,5,9,3136,population,,csu-vekove-slozeni-mc-2011-2025,historical,ČSÚ KOD_ZUJ=500216; sheet '2021'; 5-year band (single-year-of-age not available in this dataset); row 'Praha N' / col '5-9'
2021,2021-12-31,Praha 9,547166,,10,14,2979,population,,csu-vekove-slozeni-mc-2011-2025,historical,ČSÚ KOD_ZUJ=500216; sheet '2021'; 5-year band (single-year-of-age not available in this dataset); row 'Praha N' / col '10-14'
2021,2021-12-31,Praha 9,547166,,15,19,2323,population,,csu-vekove-slozeni-mc-2011-2025,historical,ČSÚ KOD_ZUJ=500216; sheet '2021'; 5-year band (single-year-of-age not available in this dataset); row 'Praha N' / col '15-19'
2021,2021-12-31,Praha 10,547174,,0,4,5747,population,,csu-vekove-slozeni-mc-2011-2025,historical,ČSÚ KOD_ZUJ=500224; sheet '2021'; 5-year band (single-year-of-age not available in this dataset); row 'Praha N' / col '0-4'
2021,2021-12-31,Praha 10,547174,,5,9,5161,population,,csu-vekove-slozeni-mc-2011-2025,historical,ČSÚ KOD_ZUJ=500224; sheet '2021'; 5-year band (single-year-of-age not available in this dataset); row 'Praha N' / col '5-9'
2021,2021-12-31,Praha 10,547174,,10,14,4956,population,,csu-vekove-slozeni-mc-2011-2025,historical,ČSÚ KOD_ZUJ=500224; sheet '2021'; 5-year band (single-year-of-age not available in this dataset); row 'Praha N' / col '10-14'
2021,2021-12-31,Praha 10,547174,,15,19,4045,population,,csu-vekove-slozeni-mc-2011-2025,historical,ČSÚ KOD_ZUJ=500224; sheet '2021'; 5-year band (single-year-of-age not available in this dataset); row 'Praha N' / col '15-19'
2021,2021-12-31,Praha 14,547221,,0,4,2512,population,,csu-vekove-slozeni-mc-2011-2025,historical,ČSÚ KOD_ZUJ=547361; sheet '2021'; 5-year band (single-year-of-age not available in this dataset); row 'Praha N' / col '0-4'
2021,2021-12-31,Praha 14,547221,,5,9,2381,population,,csu-vekove-slozeni-mc-2011-2025,historical,ČSÚ KOD_ZUJ=547361; sheet '2021'; 5-year band (single-year-of-age not available in this dataset); row 'Praha N' / col '5-9'
2021,2021-12-31,Praha 14,547221,,10,14,2334,population,,csu-vekove-slozeni-mc-2011-2025,historical,ČSÚ KOD_ZUJ=547361; sheet '2021'; 5-year band (single-year-of-age not available in this dataset); row 'Praha N' / col '10-14'
2021,2021-12-31,Praha 14,547221,,15,19,2427,population,,csu-vekove-slozeni-mc-2011-2025,historical,ČSÚ KOD_ZUJ=547361; sheet '2021'; 5-year band (single-year-of-age not available in this dataset); row 'Praha N' / col '15-19'
2022,2022-12-31,Praha 3,547107,,0,4,4214,population,,csu-vekove-slozeni-mc-2011-2025,historical,ČSÚ KOD_ZUJ=500097; sheet '2022'; 5-year band (single-year-of-age not available in this dataset); row 'Praha N' / col '0-4'
2022,2022-12-31,Praha 3,547107,,5,9,3767,population,,csu-vekove-slozeni-mc-2011-2025,historical,ČSÚ KOD_ZUJ=500097; sheet '2022'; 5-year band (single-year-of-age not available in this dataset); row 'Praha N' / col '5-9'
2022,2022-12-31,Praha 3,547107,,10,14,3379,population,,csu-vekove-slozeni-mc-2011-2025,historical,ČSÚ KOD_ZUJ=500097; sheet '2022'; 5-year band (single-year-of-age not available in this dataset); row 'Praha N' / col '10-14'
2022,2022-12-31,Praha 3,547107,,15,19,3491,population,,csu-vekove-slozeni-mc-2011-2025,historical,ČSÚ KOD_ZUJ=500097; sheet '2022'; 5-year band (single-year-of-age not available in this dataset); row 'Praha N' / col '15-19'
2022,2022-12-31,Praha 7,547141,,0,4,2742,population,,csu-vekove-slozeni-mc-2011-2025,historical,ČSÚ KOD_ZUJ=500186; sheet '2022'; 5-year band (single-year-of-age not available in this dataset); row 'Praha N' / col '0-4'
2022,2022-12-31,Praha 7,547141,,5,9,2568,population,,csu-vekove-slozeni-mc-2011-2025,historical,ČSÚ KOD_ZUJ=500186; sheet '2022'; 5-year band (single-year-of-age not available in this dataset); row 'Praha N' / col '5-9'
2022,2022-12-31,Praha 7,547141,,10,14,2261,population,,csu-vekove-slozeni-mc-2011-2025,historical,ČSÚ KOD_ZUJ=500186; sheet '2022'; 5-year band (single-year-of-age not available in this dataset); row 'Praha N' / col '10-14'
2022,2022-12-31,Praha 7,547141,,15,19,1954,population,,csu-vekove-slozeni-mc-2011-2025,historical,ČSÚ KOD_ZUJ=500186; sheet '2022'; 5-year band (single-year-of-age not available in this dataset); row 'Praha N' / col '15-19'
2022,2022-12-31,Praha 8,547158,,0,4,5507,population,,csu-vekove-slozeni-mc-2011-2025,historical,ČSÚ KOD_ZUJ=500208; sheet '2022'; 5-year band (single-year-of-age not available in this dataset); row 'Praha N' / col '0-4'
2022,2022-12-31,Praha 8,547158,,5,9,5352,population,,csu-vekove-slozeni-mc-2011-2025,historical,ČSÚ KOD_ZUJ=500208; sheet '2022'; 5-year band (single-year-of-age not available in this dataset); row 'Praha N' / col '5-9'
2022,2022-12-31,Praha 8,547158,,10,14,5627,population,,csu-vekove-slozeni-mc-2011-2025,historical,ČSÚ KOD_ZUJ=500208; sheet '2022'; 5-year band (single-year-of-age not available in this dataset); row 'Praha N' / col '10-14'
2022,2022-12-31,Praha 8,547158,,15,19,5120,population,,csu-vekove-slozeni-mc-2011-2025,historical,ČSÚ KOD_ZUJ=500208; sheet '2022'; 5-year band (single-year-of-age not available in this dataset); row 'Praha N' / col '15-19'
2022,2022-12-31,Praha 9,547166,,0,4,3848,population,,csu-vekove-slozeni-mc-2011-2025,historical,ČSÚ KOD_ZUJ=500216; sheet '2022'; 5-year band (single-year-of-age not available in this dataset); row 'Praha N' / col '0-4'
2022,2022-12-31,Praha 9,547166,,5,9,3488,population,,csu-vekove-slozeni-mc-2011-2025,historical,ČSÚ KOD_ZUJ=500216; sheet '2022'; 5-year band (single-year-of-age not available in this dataset); row 'Praha N' / col '5-9'
2022,2022-12-31,Praha 9,547166,,10,14,3403,population,,csu-vekove-slozeni-mc-2011-2025,historical,ČSÚ KOD_ZUJ=500216; sheet '2022'; 5-year band (single-year-of-age not available in this dataset); row 'Praha N' / col '10-14'
2022,2022-12-31,Praha 9,547166,,15,19,3055,population,,csu-vekove-slozeni-mc-2011-2025,historical,ČSÚ KOD_ZUJ=500216; sheet '2022'; 5-year band (single-year-of-age not available in this dataset); row 'Praha N' / col '15-19'
2022,2022-12-31,Praha 10,547174,,0,4,6037,population,,csu-vekove-slozeni-mc-2011-2025,historical,ČSÚ KOD_ZUJ=500224; sheet '2022'; 5-year band (single-year-of-age not available in this dataset); row 'Praha N' / col '0-4'
2022,2022-12-31,Praha 10,547174,,5,9,5740,population,,csu-vekove-slozeni-mc-2011-2025,historical,ČSÚ KOD_ZUJ=500224; sheet '2022'; 5-year band (single-year-of-age not available in this dataset); row 'Praha N' / col '5-9'
2022,2022-12-31,Praha 10,547174,,10,14,5528,population,,csu-vekove-slozeni-mc-2011-2025,historical,ČSÚ KOD_ZUJ=500224; sheet '2022'; 5-year band (single-year-of-age not available in this dataset); row 'Praha N' / col '10-14'
2022,2022-12-31,Praha 10,547174,,15,19,5013,population,,csu-vekove-slozeni-mc-2011-2025,historical,ČSÚ KOD_ZUJ=500224; sheet '2022'; 5-year band (single-year-of-age not available in this dataset); row 'Praha N' / col '15-19'
2022,2022-12-31,Praha 14,547221,,0,4,2563,population,,csu-vekove-slozeni-mc-2011-2025,historical,ČSÚ KOD_ZUJ=547361; sheet '2022'; 5-year band (single-year-of-age not available in this dataset); row 'Praha N' / col '0-4'
2022,2022-12-31,Praha 14,547221,,5,9,2645,population,,csu-vekove-slozeni-mc-2011-2025,historical,ČSÚ KOD_ZUJ=547361; sheet '2022'; 5-year band (single-year-of-age not available in this dataset); row 'Praha N' / col '5-9'
2022,2022-12-31,Praha 14,547221,,10,14,2614,population,,csu-vekove-slozeni-mc-2011-2025,historical,ČSÚ KOD_ZUJ=547361; sheet '2022'; 5-year band (single-year-of-age not available in this dataset); row 'Praha N' / col '10-14'
2022,2022-12-31,Praha 14,547221,,15,19,2757,population,,csu-vekove-slozeni-mc-2011-2025,historical,ČSÚ KOD_ZUJ=547361; sheet '2022'; 5-year band (single-year-of-age not available in this dataset); row 'Praha N' / col '15-19'
2023,2023-12-31,Praha 3,547107,,0,4,4109,population,,csu-vekove-slozeni-mc-2011-2025,historical,ČSÚ KOD_ZUJ=500097; sheet '2023'; 5-year band (single-year-of-age not available in this dataset); row 'Praha N' / col '0-4'
2023,2023-12-31,Praha 3,547107,,5,9,3782,population,,csu-vekove-slozeni-mc-2011-2025,historical,ČSÚ KOD_ZUJ=500097; sheet '2023'; 5-year band (single-year-of-age not available in this dataset); row 'Praha N' / col '5-9'
2023,2023-12-31,Praha 3,547107,,10,14,3425,population,,csu-vekove-slozeni-mc-2011-2025,historical,ČSÚ KOD_ZUJ=500097; sheet '2023'; 5-year band (single-year-of-age not available in this dataset); row 'Praha N' / col '10-14'
2023,2023-12-31,Praha 3,547107,,15,19,3778,population,,csu-vekove-slozeni-mc-2011-2025,historical,ČSÚ KOD_ZUJ=500097; sheet '2023'; 5-year band (single-year-of-age not available in this dataset); row 'Praha N' / col '15-19'
2023,2023-12-31,Praha 7,547141,,0,4,2699,population,,csu-vekove-slozeni-mc-2011-2025,historical,ČSÚ KOD_ZUJ=500186; sheet '2023'; 5-year band (single-year-of-age not available in this dataset); row 'Praha N' / col '0-4'
2023,2023-12-31,Praha 7,547141,,5,9,2644,population,,csu-vekove-slozeni-mc-2011-2025,historical,ČSÚ KOD_ZUJ=500186; sheet '2023'; 5-year band (single-year-of-age not available in this dataset); row 'Praha N' / col '5-9'
2023,2023-12-31,Praha 7,547141,,10,14,2235,population,,csu-vekove-slozeni-mc-2011-2025,historical,ČSÚ KOD_ZUJ=500186; sheet '2023'; 5-year band (single-year-of-age not available in this dataset); row 'Praha N' / col '10-14'
2023,2023-12-31,Praha 7,547141,,15,19,2086,population,,csu-vekove-slozeni-mc-2011-2025,historical,ČSÚ KOD_ZUJ=500186; sheet '2023'; 5-year band (single-year-of-age not available in this dataset); row 'Praha N' / col '15-19'
2023,2023-12-31,Praha 8,547158,,0,4,5363,population,,csu-vekove-slozeni-mc-2011-2025,historical,ČSÚ KOD_ZUJ=500208; sheet '2023'; 5-year band (single-year-of-age not available in this dataset); row 'Praha N' / col '0-4'
2023,2023-12-31,Praha 8,547158,,5,9,5350,population,,csu-vekove-slozeni-mc-2011-2025,historical,ČSÚ KOD_ZUJ=500208; sheet '2023'; 5-year band (single-year-of-age not available in this dataset); row 'Praha N' / col '5-9'
2023,2023-12-31,Praha 8,547158,,10,14,5693,population,,csu-vekove-slozeni-mc-2011-2025,historical,ČSÚ KOD_ZUJ=500208; sheet '2023'; 5-year band (single-year-of-age not available in this dataset); row 'Praha N' / col '10-14'
2023,2023-12-31,Praha 8,547158,,15,19,5791,population,,csu-vekove-slozeni-mc-2011-2025,historical,ČSÚ KOD_ZUJ=500208; sheet '2023'; 5-year band (single-year-of-age not available in this dataset); row 'Praha N' / col '15-19'
2023,2023-12-31,Praha 9,547166,,0,4,3831,population,,csu-vekove-slozeni-mc-2011-2025,historical,ČSÚ KOD_ZUJ=500216; sheet '2023'; 5-year band (single-year-of-age not available in this dataset); row 'Praha N' / col '0-4'
2023,2023-12-31,Praha 9,547166,,5,9,3530,population,,csu-vekove-slozeni-mc-2011-2025,historical,ČSÚ KOD_ZUJ=500216; sheet '2023'; 5-year band (single-year-of-age not available in this dataset); row 'Praha N' / col '5-9'
2023,2023-12-31,Praha 9,547166,,10,14,3452,population,,csu-vekove-slozeni-mc-2011-2025,historical,ČSÚ KOD_ZUJ=500216; sheet '2023'; 5-year band (single-year-of-age not available in this dataset); row 'Praha N' / col '10-14'
2023,2023-12-31,Praha 9,547166,,15,19,3486,population,,csu-vekove-slozeni-mc-2011-2025,historical,ČSÚ KOD_ZUJ=500216; sheet '2023'; 5-year band (single-year-of-age not available in this dataset); row 'Praha N' / col '15-19'
2023,2023-12-31,Praha 10,547174,,0,4,5958,population,,csu-vekove-slozeni-mc-2011-2025,historical,ČSÚ KOD_ZUJ=500224; sheet '2023'; 5-year band (single-year-of-age not available in this dataset); row 'Praha N' / col '0-4'
2023,2023-12-31,Praha 10,547174,,5,9,5824,population,,csu-vekove-slozeni-mc-2011-2025,historical,ČSÚ KOD_ZUJ=500224; sheet '2023'; 5-year band (single-year-of-age not available in this dataset); row 'Praha N' / col '5-9'
2023,2023-12-31,Praha 10,547174,,10,14,5568,population,,csu-vekove-slozeni-mc-2011-2025,historical,ČSÚ KOD_ZUJ=500224; sheet '2023'; 5-year band (single-year-of-age not available in this dataset); row 'Praha N' / col '10-14'
2023,2023-12-31,Praha 10,547174,,15,19,5467,population,,csu-vekove-slozeni-mc-2011-2025,historical,ČSÚ KOD_ZUJ=500224; sheet '2023'; 5-year band (single-year-of-age not available in this dataset); row 'Praha N' / col '15-19'
2023,2023-12-31,Praha 14,547221,,0,4,2497,population,,csu-vekove-slozeni-mc-2011-2025,historical,ČSÚ KOD_ZUJ=547361; sheet '2023'; 5-year band (single-year-of-age not available in this dataset); row 'Praha N' / col '0-4'
2023,2023-12-31,Praha 14,547221,,5,9,2679,population,,csu-vekove-slozeni-mc-2011-2025,historical,ČSÚ KOD_ZUJ=547361; sheet '2023'; 5-year band (single-year-of-age not available in this dataset); row 'Praha N' / col '5-9'
2023,2023-12-31,Praha 14,547221,,10,14,2625,population,,csu-vekove-slozeni-mc-2011-2025,historical,ČSÚ KOD_ZUJ=547361; sheet '2023'; 5-year band (single-year-of-age not available in this dataset); row 'Praha N' / col '10-14'
2023,2023-12-31,Praha 14,547221,,15,19,2850,population,,csu-vekove-slozeni-mc-2011-2025,historical,ČSÚ KOD_ZUJ=547361; sheet '2023'; 5-year band (single-year-of-age not available in this dataset); row 'Praha N' / col '15-19'
2024,2024-12-31,Praha 3,547107,,0,4,4134,population,,csu-vekove-slozeni-mc-2011-2025,historical,ČSÚ KOD_ZUJ=500097; sheet '2024'; 5-year band (single-year-of-age not available in this dataset); row 'Praha N' / col '0-4'
2024,2024-12-31,Praha 3,547107,,5,9,3817,population,,csu-vekove-slozeni-mc-2011-2025,historical,ČSÚ KOD_ZUJ=500097; sheet '2024'; 5-year band (single-year-of-age not available in this dataset); row 'Praha N' / col '5-9'
2024,2024-12-31,Praha 3,547107,,10,14,3409,population,,csu-vekove-slozeni-mc-2011-2025,historical,ČSÚ KOD_ZUJ=500097; sheet '2024'; 5-year band (single-year-of-age not available in this dataset); row 'Praha N' / col '10-14'
2024,2024-12-31,Praha 3,547107,,15,19,3962,population,,csu-vekove-slozeni-mc-2011-2025,historical,ČSÚ KOD_ZUJ=500097; sheet '2024'; 5-year band (single-year-of-age not available in this dataset); row 'Praha N' / col '15-19'
2024,2024-12-31,Praha 7,547141,,0,4,2556,population,,csu-vekove-slozeni-mc-2011-2025,historical,ČSÚ KOD_ZUJ=500186; sheet '2024'; 5-year band (single-year-of-age not available in this dataset); row 'Praha N' / col '0-4'
2024,2024-12-31,Praha 7,547141,,5,9,2694,population,,csu-vekove-slozeni-mc-2011-2025,historical,ČSÚ KOD_ZUJ=500186; sheet '2024'; 5-year band (single-year-of-age not available in this dataset); row 'Praha N' / col '5-9'
2024,2024-12-31,Praha 7,547141,,10,14,2264,population,,csu-vekove-slozeni-mc-2011-2025,historical,ČSÚ KOD_ZUJ=500186; sheet '2024'; 5-year band (single-year-of-age not available in this dataset); row 'Praha N' / col '10-14'
2024,2024-12-31,Praha 7,547141,,15,19,2184,population,,csu-vekove-slozeni-mc-2011-2025,historical,ČSÚ KOD_ZUJ=500186; sheet '2024'; 5-year band (single-year-of-age not available in this dataset); row 'Praha N' / col '15-19'
2024,2024-12-31,Praha 8,547158,,0,4,5203,population,,csu-vekove-slozeni-mc-2011-2025,historical,ČSÚ KOD_ZUJ=500208; sheet '2024'; 5-year band (single-year-of-age not available in this dataset); row 'Praha N' / col '0-4'
2024,2024-12-31,Praha 8,547158,,5,9,5301,population,,csu-vekove-slozeni-mc-2011-2025,historical,ČSÚ KOD_ZUJ=500208; sheet '2024'; 5-year band (single-year-of-age not available in this dataset); row 'Praha N' / col '5-9'
2024,2024-12-31,Praha 8,547158,,10,14,5528,population,,csu-vekove-slozeni-mc-2011-2025,historical,ČSÚ KOD_ZUJ=500208; sheet '2024'; 5-year band (single-year-of-age not available in this dataset); row 'Praha N' / col '10-14'
2024,2024-12-31,Praha 8,547158,,15,19,6218,population,,csu-vekove-slozeni-mc-2011-2025,historical,ČSÚ KOD_ZUJ=500208; sheet '2024'; 5-year band (single-year-of-age not available in this dataset); row 'Praha N' / col '15-19'
2024,2024-12-31,Praha 9,547166,,0,4,3835,population,,csu-vekove-slozeni-mc-2011-2025,historical,ČSÚ KOD_ZUJ=500216; sheet '2024'; 5-year band (single-year-of-age not available in this dataset); row 'Praha N' / col '0-4'
2024,2024-12-31,Praha 9,547166,,5,9,3554,population,,csu-vekove-slozeni-mc-2011-2025,historical,ČSÚ KOD_ZUJ=500216; sheet '2024'; 5-year band (single-year-of-age not available in this dataset); row 'Praha N' / col '5-9'
2024,2024-12-31,Praha 9,547166,,10,14,3481,population,,csu-vekove-slozeni-mc-2011-2025,historical,ČSÚ KOD_ZUJ=500216; sheet '2024'; 5-year band (single-year-of-age not available in this dataset); row 'Praha N' / col '10-14'
2024,2024-12-31,Praha 9,547166,,15,19,3753,population,,csu-vekove-slozeni-mc-2011-2025,historical,ČSÚ KOD_ZUJ=500216; sheet '2024'; 5-year band (single-year-of-age not available in this dataset); row 'Praha N' / col '15-19'
2024,2024-12-31,Praha 10,547174,,0,4,5756,population,,csu-vekove-slozeni-mc-2011-2025,historical,ČSÚ KOD_ZUJ=500224; sheet '2024'; 5-year band (single-year-of-age not available in this dataset); row 'Praha N' / col '0-4'
2024,2024-12-31,Praha 10,547174,,5,9,5842,population,,csu-vekove-slozeni-mc-2011-2025,historical,ČSÚ KOD_ZUJ=500224; sheet '2024'; 5-year band (single-year-of-age not available in this dataset); row 'Praha N' / col '5-9'
2024,2024-12-31,Praha 10,547174,,10,14,5667,population,,csu-vekove-slozeni-mc-2011-2025,historical,ČSÚ KOD_ZUJ=500224; sheet '2024'; 5-year band (single-year-of-age not available in this dataset); row 'Praha N' / col '10-14'
2024,2024-12-31,Praha 10,547174,,15,19,5816,population,,csu-vekove-slozeni-mc-2011-2025,historical,ČSÚ KOD_ZUJ=500224; sheet '2024'; 5-year band (single-year-of-age not available in this dataset); row 'Praha N' / col '15-19'
2024,2024-12-31,Praha 14,547221,,0,4,2379,population,,csu-vekove-slozeni-mc-2011-2025,historical,ČSÚ KOD_ZUJ=547361; sheet '2024'; 5-year band (single-year-of-age not available in this dataset); row 'Praha N' / col '0-4'
2024,2024-12-31,Praha 14,547221,,5,9,2600,population,,csu-vekove-slozeni-mc-2011-2025,historical,ČSÚ KOD_ZUJ=547361; sheet '2024'; 5-year band (single-year-of-age not available in this dataset); row 'Praha N' / col '5-9'
2024,2024-12-31,Praha 14,547221,,10,14,2653,population,,csu-vekove-slozeni-mc-2011-2025,historical,ČSÚ KOD_ZUJ=547361; sheet '2024'; 5-year band (single-year-of-age not available in this dataset); row 'Praha N' / col '10-14'
2024,2024-12-31,Praha 14,547221,,15,19,3003,population,,csu-vekove-slozeni-mc-2011-2025,historical,ČSÚ KOD_ZUJ=547361; sheet '2024'; 5-year band (single-year-of-age not available in this dataset); row 'Praha N' / col '15-19'
2025,2025-12-31,Praha 3,547107,,0,4,3828,population,,csu-vekove-slozeni-mc-2011-2025,historical,ČSÚ KOD_ZUJ=500097; sheet '2025'; 5-year band (single-year-of-age not available in this dataset); row 'Praha N' / col '0-4'
2025,2025-12-31,Praha 3,547107,,5,9,3789,population,,csu-vekove-slozeni-mc-2011-2025,historical,ČSÚ KOD_ZUJ=500097; sheet '2025'; 5-year band (single-year-of-age not available in this dataset); row 'Praha N' / col '5-9'
2025,2025-12-31,Praha 3,547107,,10,14,3450,population,,csu-vekove-slozeni-mc-2011-2025,historical,ČSÚ KOD_ZUJ=500097; sheet '2025'; 5-year band (single-year-of-age not available in this dataset); row 'Praha N' / col '10-14'
2025,2025-12-31,Praha 3,547107,,15,19,4174,population,,csu-vekove-slozeni-mc-2011-2025,historical,ČSÚ KOD_ZUJ=500097; sheet '2025'; 5-year band (single-year-of-age not available in this dataset); row 'Praha N' / col '15-19'
2025,2025-12-31,Praha 7,547141,,0,4,2385,population,,csu-vekove-slozeni-mc-2011-2025,historical,ČSÚ KOD_ZUJ=500186; sheet '2025'; 5-year band (single-year-of-age not available in this dataset); row 'Praha N' / col '0-4'
2025,2025-12-31,Praha 7,547141,,5,9,2636,population,,csu-vekove-slozeni-mc-2011-2025,historical,ČSÚ KOD_ZUJ=500186; sheet '2025'; 5-year band (single-year-of-age not available in this dataset); row 'Praha N' / col '5-9'
2025,2025-12-31,Praha 7,547141,,10,14,2377,population,,csu-vekove-slozeni-mc-2011-2025,historical,ČSÚ KOD_ZUJ=500186; sheet '2025'; 5-year band (single-year-of-age not available in this dataset); row 'Praha N' / col '10-14'
2025,2025-12-31,Praha 7,547141,,15,19,2298,population,,csu-vekove-slozeni-mc-2011-2025,historical,ČSÚ KOD_ZUJ=500186; sheet '2025'; 5-year band (single-year-of-age not available in this dataset); row 'Praha N' / col '15-19'
2025,2025-12-31,Praha 8,547158,,0,4,4893,population,,csu-vekove-slozeni-mc-2011-2025,historical,ČSÚ KOD_ZUJ=500208; sheet '2025'; 5-year band (single-year-of-age not available in this dataset); row 'Praha N' / col '0-4'
2025,2025-12-31,Praha 8,547158,,5,9,5193,population,,csu-vekove-slozeni-mc-2011-2025,historical,ČSÚ KOD_ZUJ=500208; sheet '2025'; 5-year band (single-year-of-age not available in this dataset); row 'Praha N' / col '5-9'
2025,2025-12-31,Praha 8,547158,,10,14,5424,population,,csu-vekove-slozeni-mc-2011-2025,historical,ČSÚ KOD_ZUJ=500208; sheet '2025'; 5-year band (single-year-of-age not available in this dataset); row 'Praha N' / col '10-14'
2025,2025-12-31,Praha 8,547158,,15,19,6486,population,,csu-vekove-slozeni-mc-2011-2025,historical,ČSÚ KOD_ZUJ=500208; sheet '2025'; 5-year band (single-year-of-age not available in this dataset); row 'Praha N' / col '15-19'
2025,2025-12-31,Praha 9,547166,,0,4,3838,population,,csu-vekove-slozeni-mc-2011-2025,historical,ČSÚ KOD_ZUJ=500216; sheet '2025'; 5-year band (single-year-of-age not available in this dataset); row 'Praha N' / col '0-4'
2025,2025-12-31,Praha 9,547166,,5,9,3545,population,,csu-vekove-slozeni-mc-2011-2025,historical,ČSÚ KOD_ZUJ=500216; sheet '2025'; 5-year band (single-year-of-age not available in this dataset); row 'Praha N' / col '5-9'
2025,2025-12-31,Praha 9,547166,,10,14,3493,population,,csu-vekove-slozeni-mc-2011-2025,historical,ČSÚ KOD_ZUJ=500216; sheet '2025'; 5-year band (single-year-of-age not available in this dataset); row 'Praha N' / col '10-14'
2025,2025-12-31,Praha 9,547166,,15,19,4000,population,,csu-vekove-slozeni-mc-2011-2025,historical,ČSÚ KOD_ZUJ=500216; sheet '2025'; 5-year band (single-year-of-age not available in this dataset); row 'Praha N' / col '15-19'
2025,2025-12-31,Praha 10,547174,,0,4,5426,population,,csu-vekove-slozeni-mc-2011-2025,historical,ČSÚ KOD_ZUJ=500224; sheet '2025'; 5-year band (single-year-of-age not available in this dataset); row 'Praha N' / col '0-4'
2025,2025-12-31,Praha 10,547174,,5,9,5757,population,,csu-vekove-slozeni-mc-2011-2025,historical,ČSÚ KOD_ZUJ=500224; sheet '2025'; 5-year band (single-year-of-age not available in this dataset); row 'Praha N' / col '5-9'
2025,2025-12-31,Praha 10,547174,,10,14,5698,population,,csu-vekove-slozeni-mc-2011-2025,historical,ČSÚ KOD_ZUJ=500224; sheet '2025'; 5-year band (single-year-of-age not available in this dataset); row 'Praha N' / col '10-14'
2025,2025-12-31,Praha 10,547174,,15,19,6206,population,,csu-vekove-slozeni-mc-2011-2025,historical,ČSÚ KOD_ZUJ=500224; sheet '2025'; 5-year band (single-year-of-age not available in this dataset); row 'Praha N' / col '15-19'
2025,2025-12-31,Praha 14,547221,,0,4,2218,population,,csu-vekove-slozeni-mc-2011-2025,historical,ČSÚ KOD_ZUJ=547361; sheet '2025'; 5-year band (single-year-of-age not available in this dataset); row 'Praha N' / col '0-4'
2025,2025-12-31,Praha 14,547221,,5,9,2578,population,,csu-vekove-slozeni-mc-2011-2025,historical,ČSÚ KOD_ZUJ=547361; sheet '2025'; 5-year band (single-year-of-age not available in this dataset); row 'Praha N' / col '5-9'
2025,2025-12-31,Praha 14,547221,,10,14,2614,population,,csu-vekove-slozeni-mc-2011-2025,historical,ČSÚ KOD_ZUJ=547361; sheet '2025'; 5-year band (single-year-of-age not available in this dataset); row 'Praha N' / col '10-14'
2025,2025-12-31,Praha 14,547221,,15,19,3116,population,,csu-vekove-slozeni-mc-2011-2025,historical,ČSÚ KOD_ZUJ=547361; sheet '2025'; 5-year band (single-year-of-age not available in this dataset); row 'Praha N' / col '15-19'
