redizo,school_name,serving_mc,address,zrizovatel,cohort_birth_year,entry_year,births_mc,streets_school,streets_mc,catchment_share,kapacita_registered,capacity_entry_grade,expected_entrants_ceiling,expected_entrants_corrected,external_flow_ratio_used,pressure_ceiling,pressure_corrected,pressure_corrected_min,pressure_corrected_max
600041204,"Základní škola, Praha 10, Břečťanová 2919/6, příspěvková organizace",Praha 10,"Břečťanová 2919/6, Záběhlice, 106 00 Praha",Městská část Praha 10,2021,2027,1256,56,521,0.1075,638,63.8,135.0,78.0,0.5777,2.116,1.222,1.1,1.358
600041191,"Základní škola, Praha 10, Nad Vodovodem 460/81, příspěvková organizace",Praha 10,"Nad vodovodem 460/81, Malešice, 108 00 Praha",Městská část Praha 10,2021,2027,1256,53,521,0.1017,630,63.0,127.8,73.8,0.5777,2.028,1.172,1.054,1.302
600041182,"Základní škola, Praha 10, U Vršovického nádraží 950/1, příspěvková organizace",Praha 10,"U vršovického nádraží 950/1, Vršovice, 101 00 Praha",Městská část Praha 10,2021,2027,1256,40,521,0.0768,490,49.0,96.4,55.7,0.5777,1.968,1.137,1.023,1.263
600041158,"Základní škola Eden, Praha 10, Vladivostocká 1035/6, příspěvková organizace",Praha 10,"Vladivostocká 1035/6, Vršovice, 100 00 Praha",Městská část Praha 10,2021,2027,1256,53,521,0.1017,650,65.0,127.8,73.8,0.5777,1.966,1.135,1.022,1.262
600041204,"Základní škola, Praha 10, Břečťanová 2919/6, příspěvková organizace",Praha 10,"Břečťanová 2919/6, Záběhlice, 106 00 Praha",Městská část Praha 10,2024,2030,1050,56,521,0.1075,638,63.8,112.9,65.2,0.5777,1.769,1.022,0.92,1.135
600041085,"Základní škola, Praha 10, Olešská 2222/18, příspěvková organizace",Praha 10,"Olešská 2222/18, Strašnice, 100 00 Praha",Městská část Praha 10,2021,2027,1256,50,521,0.096,690,69.0,120.5,69.6,0.5777,1.747,1.009,0.908,1.121
600041191,"Základní škola, Praha 10, Nad Vodovodem 460/81, příspěvková organizace",Praha 10,"Nad vodovodem 460/81, Malešice, 108 00 Praha",Městská část Praha 10,2024,2030,1050,53,521,0.1017,630,63.0,106.8,61.7,0.5777,1.695,0.979,0.881,1.088
600041123,"Základní škola, Praha 10, Švehlova 2900/12, příspěvková organizace",Praha 10,"Švehlova 2900/12, Záběhlice, 106 00 Praha",Městská část Praha 10,2021,2027,1256,44,521,0.0845,630,63.0,106.1,61.3,0.5777,1.684,0.973,0.875,1.081
600041182,"Základní škola, Praha 10, U Vršovického nádraží 950/1, příspěvková organizace",Praha 10,"U vršovického nádraží 950/1, Vršovice, 101 00 Praha",Městská část Praha 10,2024,2030,1050,40,521,0.0768,490,49.0,80.6,46.6,0.5777,1.645,0.95,0.855,1.056
600041158,"Základní škola Eden, Praha 10, Vladivostocká 1035/6, příspěvková organizace",Praha 10,"Vladivostocká 1035/6, Vršovice, 100 00 Praha",Městská část Praha 10,2024,2030,1050,53,521,0.1017,650,65.0,106.8,61.7,0.5777,1.643,0.949,0.854,1.055
691019061,"Základní škola V Olšinách, Praha 10, příspěvková organizace",Praha 10,"V olšinách 200/69, Strašnice, 100 00 Praha",Městská část Praha 10,2021,2027,1256,11,521,0.0211,175,17.5,26.5,15.3,0.5777,1.515,0.875,0.788,0.973
600041212,"Základní škola, Praha 10, Gutova 1987/39, příspěvková organizace",Praha 10,"Gutova 1987/39, Strašnice, 100 00 Praha",Městská část Praha 10,2021,2027,1256,44,521,0.0845,720,72.0,106.1,61.3,0.5777,1.473,0.851,0.766,0.946
600041085,"Základní škola, Praha 10, Olešská 2222/18, příspěvková organizace",Praha 10,"Olešská 2222/18, Strašnice, 100 00 Praha",Městská část Praha 10,2024,2030,1050,50,521,0.096,690,69.0,100.8,58.2,0.5777,1.46,0.844,0.759,0.937
600041123,"Základní škola, Praha 10, Švehlova 2900/12, příspěvková organizace",Praha 10,"Švehlova 2900/12, Záběhlice, 106 00 Praha",Městská část Praha 10,2024,2030,1050,44,521,0.0845,630,63.0,88.7,51.2,0.5777,1.408,0.813,0.732,0.903
600041107,"Základní škola, Praha 10, Hostýnská 2100/2, příspěvková organizace",Praha 10,"Hostýnská 2100/2, Strašnice, 108 00 Praha",Městská část Praha 10,2021,2027,1256,42,521,0.0806,750,75.0,101.3,58.5,0.5777,1.35,0.78,0.702,0.867
600041140,"Základní škola, Praha 10, Jakutská 1210/2, příspěvková organizace",Praha 10,"Jakutská 1210/2, Vršovice, 100 00 Praha",Městská část Praha 10,2021,2027,1256,32,521,0.0614,585,58.5,77.1,44.6,0.5777,1.319,0.762,0.686,0.846
691019061,"Základní škola V Olšinách, Praha 10, příspěvková organizace",Praha 10,"V olšinách 200/69, Strašnice, 100 00 Praha",Městská část Praha 10,2024,2030,1050,11,521,0.0211,175,17.5,22.2,12.8,0.5777,1.267,0.732,0.659,0.813
600041212,"Základní škola, Praha 10, Gutova 1987/39, příspěvková organizace",Praha 10,"Gutova 1987/39, Strašnice, 100 00 Praha",Městská část Praha 10,2024,2030,1050,44,521,0.0845,720,72.0,88.7,51.2,0.5777,1.232,0.711,0.64,0.79
600041107,"Základní škola, Praha 10, Hostýnská 2100/2, příspěvková organizace",Praha 10,"Hostýnská 2100/2, Strašnice, 108 00 Praha",Městská část Praha 10,2024,2030,1050,42,521,0.0806,750,75.0,84.6,48.9,0.5777,1.129,0.652,0.587,0.724
600041140,"Základní škola, Praha 10, Jakutská 1210/2, příspěvková organizace",Praha 10,"Jakutská 1210/2, Vršovice, 100 00 Praha",Městská část Praha 10,2024,2030,1050,32,521,0.0614,585,58.5,64.5,37.3,0.5777,1.102,0.637,0.573,0.708
600041115,"Základní škola, Praha 10, V Rybníčkách 1980/31, příspěvková organizace",Praha 10,"V Rybníčkách 1980/31, Strašnice, 100 00 Praha",Městská část Praha 10,2021,2027,1256,29,521,0.0557,660,66.0,69.9,40.4,0.5777,1.059,0.612,0.551,0.68
600041077,"Základní škola Solidarita, Praha 10, Brigádníků 510/14, příspěvková organizace",Praha 10,"Brigádníků 510/14, Strašnice, 100 00 Praha",Městská část Praha 10,2021,2027,1256,25,521,0.048,610,61.0,60.3,34.8,0.5777,0.988,0.571,0.514,0.634
600041093,"Základní škola Karla Čapka, Praha 10, Kodaňská 658/16, příspěvková organizace",Praha 10,"Kodaňská 658/16, Vršovice, 101 00 Praha",Městská část Praha 10,2021,2027,1256,23,521,0.0441,594,59.4,55.4,32.0,0.5777,0.933,0.539,0.485,0.599
600041115,"Základní škola, Praha 10, V Rybníčkách 1980/31, příspěvková organizace",Praha 10,"V Rybníčkách 1980/31, Strašnice, 100 00 Praha",Městská část Praha 10,2024,2030,1050,29,521,0.0557,660,66.0,58.4,33.8,0.5777,0.886,0.512,0.46,0.568
600041077,"Základní škola Solidarita, Praha 10, Brigádníků 510/14, příspěvková organizace",Praha 10,"Brigádníků 510/14, Strašnice, 100 00 Praha",Městská část Praha 10,2024,2030,1050,25,521,0.048,610,61.0,50.4,29.1,0.5777,0.826,0.477,0.429,0.53
600041093,"Základní škola Karla Čapka, Praha 10, Kodaňská 658/16, příspěvková organizace",Praha 10,"Kodaňská 658/16, Vršovice, 101 00 Praha",Městská část Praha 10,2024,2030,1050,23,521,0.0441,594,59.4,46.4,26.8,0.5777,0.78,0.451,0.406,0.501
600041166,"Základní škola, Praha 10, U Roháčových kasáren 1381/19, příspěvková organizace",Praha 10,"U Roháčových kasáren 1381/19, Vršovice, 100 00 Praha",Městská část Praha 10,2021,2027,1256,19,521,0.0365,620,62.0,45.8,26.5,0.5777,0.739,0.427,0.384,0.474
600041166,"Základní škola, Praha 10, U Roháčových kasáren 1381/19, příspěvková organizace",Praha 10,"U Roháčových kasáren 1381/19, Vršovice, 100 00 Praha",Městská část Praha 10,2024,2030,1050,19,521,0.0365,620,62.0,38.3,22.1,0.5777,0.618,0.357,0.321,0.396
600040364,"Základní škola, Praha 9 - Kyje, Šimanovská 16, příspěvková organizace",Praha 14,"Šimanovská 16, Kyje, 198 00 Praha",Městská část Praha 14,2021,2027,529,120,276,0.4348,595,59.5,230.0,132.9,0.5777,3.866,2.233,2.01,2.481
600040364,"Základní škola, Praha 9 - Kyje, Šimanovská 16, příspěvková organizace",Praha 14,"Šimanovská 16, Kyje, 198 00 Praha",Městská část Praha 14,2024,2030,414,120,276,0.4348,595,59.5,180.0,104.0,0.5777,3.025,1.748,1.573,1.942
600040585,"Základní škola, Praha 9 - Lehovec, Chvaletická 918",Praha 14,"Chvaletická 918/3, Hloubětín, 198 00 Praha",Městská část Praha 14,2021,2027,529,61,276,0.221,868,86.8,116.9,67.5,0.5777,1.347,0.778,0.7,0.865
600040356,"Základní škola, Praha 9 - Hloubětín, Hloubětínská 700",Praha 14,"Hloubětínská 700/24, Hloubětín, 198 00 Praha",Městská část Praha 14,2021,2027,529,35,276,0.1268,500,50.0,67.1,38.8,0.5777,1.342,0.775,0.698,0.861
600040585,"Základní škola, Praha 9 - Lehovec, Chvaletická 918",Praha 14,"Chvaletická 918/3, Hloubětín, 198 00 Praha",Městská část Praha 14,2024,2030,414,61,276,0.221,868,86.8,91.5,52.9,0.5777,1.054,0.609,0.548,0.677
600040356,"Základní škola, Praha 9 - Hloubětín, Hloubětínská 700",Praha 14,"Hloubětínská 700/24, Hloubětín, 198 00 Praha",Městská část Praha 14,2024,2030,414,35,276,0.1268,500,50.0,52.5,30.3,0.5777,1.05,0.607,0.546,0.674
600040496,"Základní škola, Praha 9 - Černý Most, Bří. Venclíků 1140",Praha 14,"Bratří Venclíků 1140/1, Černý Most, 198 00 Praha",Městská část Praha 14,2021,2027,529,23,276,0.0833,810,81.0,44.1,25.5,0.5777,0.544,0.314,0.283,0.349
600040577,"Základní škola Generála Janouška, Praha 9 - Černý Most, Dygrýnova 1006/21",Praha 14,"Dygrýnova 1006/21, Černý Most, 198 00 Praha",Městská část Praha 14,2021,2027,529,18,276,0.0652,800,80.0,34.5,19.9,0.5777,0.431,0.249,0.224,0.277
600040496,"Základní škola, Praha 9 - Černý Most, Bří. Venclíků 1140",Praha 14,"Bratří Venclíků 1140/1, Černý Most, 198 00 Praha",Městská část Praha 14,2024,2030,414,23,276,0.0833,810,81.0,34.5,19.9,0.5777,0.426,0.246,0.221,0.273
600040381,"Základní škola, Praha 9 - Černý Most, Vybíralova 964",Praha 14,"Vybíralova 964/8, Černý Most, 198 00 Praha",Městská část Praha 14,2021,2027,529,19,276,0.0688,920,92.0,36.4,21.0,0.5777,0.396,0.229,0.206,0.254
600040577,"Základní škola Generála Janouška, Praha 9 - Černý Most, Dygrýnova 1006/21",Praha 14,"Dygrýnova 1006/21, Černý Most, 198 00 Praha",Městská část Praha 14,2024,2030,414,18,276,0.0652,800,80.0,27.0,15.6,0.5777,0.338,0.195,0.175,0.217
600040381,"Základní škola, Praha 9 - Černý Most, Vybíralova 964",Praha 14,"Vybíralova 964/8, Černý Most, 198 00 Praha",Městská část Praha 14,2024,2030,414,19,276,0.0688,920,92.0,28.5,16.5,0.5777,0.31,0.179,0.161,0.199
600036197,"Základní škola a mateřská škola Jarov, Praha 3, V Zahrádkách 48/1966",Praha 3,"V zahrádkách 1966/48, Žižkov, 130 00 Praha",Městská část Praha 3,2021,2027,951,21,235,0.0894,320,32.0,85.0,49.1,0.5777,2.656,1.534,1.381,1.705
600036197,"Základní škola a mateřská škola Jarov, Praha 3, V Zahrádkách 48/1966",Praha 3,"V zahrádkách 1966/48, Žižkov, 130 00 Praha",Městská část Praha 3,2024,2030,826,21,235,0.0894,320,32.0,73.8,42.6,0.5777,2.307,1.332,1.199,1.481
600036138,"Základní škola, Praha 3, nám. Jiřího z Poděbrad 7,8/1685",Praha 3,"náměstí Jiřího z Poděbrad 1685/7, Vinohrady, 130 00 Praha",Městská část Praha 3,2021,2027,951,31,235,0.1319,620,62.0,125.5,72.5,0.5777,2.023,1.169,1.052,1.299
600036219,"Základní škola a mateřská škola Jaroslava Seiferta, Praha 3, Vlkova 31/800",Praha 3,"Vlkova 800/31, Žižkov, 130 00 Praha",Městská část Praha 3,2021,2027,951,18,235,0.0766,400,40.0,72.8,42.1,0.5777,1.821,1.052,0.947,1.169
600036227,"Základní škola Pražačka, Praha 3, Nad Ohradou 25/1700",Praha 3,"Nad Ohradou 1700/25, Žižkov, 130 00 Praha",Městská část Praha 3,2021,2027,951,22,235,0.0936,500,50.0,89.0,51.4,0.5777,1.781,1.029,0.926,1.143
600036138,"Základní škola, Praha 3, nám. Jiřího z Poděbrad 7,8/1685",Praha 3,"náměstí Jiřího z Poděbrad 1685/7, Vinohrady, 130 00 Praha",Městská část Praha 3,2024,2030,826,31,235,0.1319,620,62.0,109.0,62.9,0.5777,1.757,1.015,0.914,1.128
600036146,"Základní škola, Praha 3, Cimburkova 18/600",Praha 3,"Cimburkova 600/18, Žižkov, 130 00 Praha",Městská část Praha 3,2021,2027,951,11,235,0.0468,258,25.8,44.5,25.7,0.5777,1.725,0.997,0.897,1.107
600036219,"Základní škola a mateřská škola Jaroslava Seiferta, Praha 3, Vlkova 31/800",Praha 3,"Vlkova 800/31, Žižkov, 130 00 Praha",Městská část Praha 3,2024,2030,826,18,235,0.0766,400,40.0,63.3,36.5,0.5777,1.582,0.914,0.822,1.015
600036227,"Základní škola Pražačka, Praha 3, Nad Ohradou 25/1700",Praha 3,"Nad Ohradou 1700/25, Žižkov, 130 00 Praha",Městská část Praha 3,2024,2030,826,22,235,0.0936,500,50.0,77.3,44.7,0.5777,1.547,0.893,0.804,0.993
600036146,"Základní škola, Praha 3, Cimburkova 18/600",Praha 3,"Cimburkova 600/18, Žižkov, 130 00 Praha",Městská část Praha 3,2024,2030,826,11,235,0.0468,258,25.8,38.7,22.3,0.5777,1.499,0.866,0.779,0.962
600036120,"Základní škola, Praha 3, Lupáčova 1/1200",Praha 3,"Lupáčova 1200/1, Žižkov, 130 00 Praha",Městská část Praha 3,2021,2027,951,26,235,0.1106,735,73.5,105.2,60.8,0.5777,1.432,0.827,0.744,0.919
600036162,"Základní škola a mateřská škola, Praha 3, Chelčického 43/2614",Praha 3,"Chelčického 2614/43, Žižkov, 130 00 Praha",Městská část Praha 3,2021,2027,951,36,235,0.1532,1050,105.0,145.7,84.2,0.5777,1.387,0.801,0.721,0.891
600036111,"Základní škola a mateřská škola, Praha 3, nám. Jiřího z Lobkovic 22/121",Praha 3,"náměstí Jiřího z Lobkovic 121/22, Vinohrady, 130 00 Praha",Městská část Praha 3,2021,2027,951,24,235,0.1021,725,72.5,97.1,56.1,0.5777,1.34,0.774,0.696,0.86
600036171,"Základní škola Chmelnice, Praha 3, K Lučinám 18/2500",Praha 3,"K lučinám 2500/18, Žižkov, 130 00 Praha",Městská část Praha 3,2021,2027,951,23,235,0.0979,700,70.0,93.1,53.8,0.5777,1.33,0.768,0.691,0.853
600036120,"Základní škola, Praha 3, Lupáčova 1/1200",Praha 3,"Lupáčova 1200/1, Žižkov, 130 00 Praha",Městská část Praha 3,2024,2030,826,26,235,0.1106,735,73.5,91.4,52.8,0.5777,1.243,0.718,0.646,0.798
600036162,"Základní škola a mateřská škola, Praha 3, Chelčického 43/2614",Praha 3,"Chelčického 2614/43, Žižkov, 130 00 Praha",Městská část Praha 3,2024,2030,826,36,235,0.1532,1050,105.0,126.5,73.1,0.5777,1.205,0.696,0.627,0.773
600036111,"Základní škola a mateřská škola, Praha 3, nám. Jiřího z Lobkovic 22/121",Praha 3,"náměstí Jiřího z Lobkovic 121/22, Vinohrady, 130 00 Praha",Městská část Praha 3,2024,2030,826,24,235,0.1021,725,72.5,84.4,48.7,0.5777,1.164,0.672,0.605,0.747
600036171,"Základní škola Chmelnice, Praha 3, K Lučinám 18/2500",Praha 3,"K lučinám 2500/18, Žižkov, 130 00 Praha",Městská část Praha 3,2024,2030,826,23,235,0.0979,700,70.0,80.8,46.7,0.5777,1.155,0.667,0.6,0.741
600036201,"Základní škola, Praha 3, Jeseniova 96/2400",Praha 3,"Jeseniova 2400/96, Žižkov, 130 00 Praha",Městská část Praha 3,2021,2027,951,23,235,0.0979,917,91.7,93.1,53.8,0.5777,1.015,0.586,0.528,0.651
600036201,"Základní škola, Praha 3, Jeseniova 96/2400",Praha 3,"Jeseniova 2400/96, Žižkov, 130 00 Praha",Městská část Praha 3,2024,2030,826,23,235,0.0979,917,91.7,80.8,46.7,0.5777,0.882,0.509,0.458,0.566
600039439,"Základní škola T. G. Masaryka Praha 7, Ortenovo náměstí 34",Praha 7,"Ortenovo náměstí 1275/34, Holešovice, 170 00 Praha",Městská část Praha 7,2021,2027,602,38,131,0.2901,650,65.0,174.6,100.9,0.5777,2.687,1.552,1.397,1.724
600039439,"Základní škola T. G. Masaryka Praha 7, Ortenovo náměstí 34",Praha 7,"Ortenovo náměstí 1275/34, Holešovice, 170 00 Praha",Městská část Praha 7,2024,2030,471,38,131,0.2901,650,65.0,136.6,78.9,0.5777,2.102,1.214,1.093,1.349
600039404,"Základní škola Fr. Plamínkové s rozšířenou výukou jazyků Praha 7, Františka Křížka 2",Praha 7,"Františka Křížka 490/2, Holešovice, 170 00 Praha",Městská část Praha 7,2021,2027,602,20,131,0.1527,490,49.0,91.9,53.1,0.5777,1.876,1.084,0.975,1.204
600039382,"Základní škola Praha 7, Korunovační 8",Praha 7,"Korunovační 164/8, Bubeneč, 170 00 Praha",Městská část Praha 7,2021,2027,602,19,131,0.145,560,56.0,87.3,50.4,0.5777,1.559,0.901,0.811,1.001
600039404,"Základní škola Fr. Plamínkové s rozšířenou výukou jazyků Praha 7, Františka Křížka 2",Praha 7,"Františka Křížka 490/2, Holešovice, 170 00 Praha",Městská část Praha 7,2024,2030,471,20,131,0.1527,490,49.0,71.9,41.5,0.5777,1.468,0.848,0.763,0.942
600039412,"Základní škola a Mateřská škola Praha 7, Tusarova 21",Praha 7,"Tusarova 790/21, Holešovice, 170 00 Praha",Městská část Praha 7,2021,2027,602,17,131,0.1298,600,60.0,78.1,45.1,0.5777,1.302,0.752,0.677,0.836
600039374,"Fakultní základní škola PedF UK a Mateřská škola U Studánky Praha 7, Umělecká 8",Praha 7,"Umělecká 850/8, Holešovice, 170 00 Praha",Městská část Praha 7,2021,2027,602,19,131,0.145,700,70.0,87.3,50.4,0.5777,1.247,0.721,0.648,0.801
600039382,"Základní škola Praha 7, Korunovační 8",Praha 7,"Korunovační 164/8, Bubeneč, 170 00 Praha",Městská část Praha 7,2024,2030,471,19,131,0.145,560,56.0,68.3,39.5,0.5777,1.22,0.705,0.634,0.783
600039412,"Základní škola a Mateřská škola Praha 7, Tusarova 21",Praha 7,"Tusarova 790/21, Holešovice, 170 00 Praha",Městská část Praha 7,2024,2030,471,17,131,0.1298,600,60.0,61.1,35.3,0.5777,1.019,0.588,0.53,0.654
600039374,"Fakultní základní škola PedF UK a Mateřská škola U Studánky Praha 7, Umělecká 8",Praha 7,"Umělecká 850/8, Holešovice, 170 00 Praha",Městská část Praha 7,2024,2030,471,19,131,0.145,700,70.0,68.3,39.5,0.5777,0.976,0.564,0.507,0.626
600039391,"Základní škola Praha 7, Strossmayerovo náměstí 4",Praha 7,"Strossmayerovo náměstí 990/4, Holešovice, 170 00 Praha",Městská část Praha 7,2021,2027,602,18,131,0.1374,1140,114.0,82.7,47.8,0.5777,0.726,0.419,0.377,0.466
600039391,"Základní škola Praha 7, Strossmayerovo náměstí 4",Praha 7,"Strossmayerovo náměstí 990/4, Holešovice, 170 00 Praha",Městská část Praha 7,2024,2030,471,18,131,0.1374,1140,114.0,64.7,37.4,0.5777,0.568,0.328,0.295,0.364
600039790,"Základní škola, Praha 8, Libčická 10",Praha 8,"Libčická 658/10, Čimice, 181 00 Praha",Městská část Praha 8,2021,2027,1228,56,527,0.1063,460,46.0,130.5,75.4,0.5777,2.837,1.639,1.475,1.821
600039820,"Základní škola, Praha 8, Palmovka 8",Praha 8,"Palmovka 468/8, Libeň, 180 00 Praha",Městská část Praha 8,2021,2027,1228,57,527,0.1082,500,50.0,132.8,76.7,0.5777,2.656,1.534,1.381,1.705
600039871,"Základní škola a mateřská škola, Praha 8, U Školské zahrady 4",Praha 8,"U školské zahrady 1030/4, Kobylisy, 182 00 Praha",Městská část Praha 8,2021,2027,1228,40,527,0.0759,450,45.0,93.2,53.8,0.5777,2.071,1.196,1.077,1.329
600039790,"Základní škola, Praha 8, Libčická 10",Praha 8,"Libčická 658/10, Čimice, 181 00 Praha",Městská část Praha 8,2024,2030,896,56,527,0.1063,460,46.0,95.2,55.0,0.5777,2.07,1.196,1.076,1.328
600039811,"Základní škola, Praha 8, Na Šutce 28",Praha 8,"Na Šutce 440/28, Troja, 182 00 Praha",Městská část Praha 8,2021,2027,1228,46,527,0.0873,550,55.0,107.2,61.9,0.5777,1.949,1.126,1.013,1.251
600039820,"Základní škola, Praha 8, Palmovka 8",Praha 8,"Palmovka 468/8, Libeň, 180 00 Praha",Městská část Praha 8,2024,2030,896,57,527,0.1082,500,50.0,96.9,56.0,0.5777,1.938,1.12,1.008,1.244
600039897,"Základní škola Bohumila Hrabala, Praha 8, Zenklova 52",Praha 8,"Zenklova 26/52, Libeň, 180 00 Praha",Městská část Praha 8,2021,2027,1228,81,527,0.1537,1100,110.0,188.7,109.0,0.5777,1.716,0.991,0.892,1.101
600039871,"Základní škola a mateřská škola, Praha 8, U Školské zahrady 4",Praha 8,"U školské zahrady 1030/4, Kobylisy, 182 00 Praha",Městská část Praha 8,2024,2030,896,40,527,0.0759,450,45.0,68.0,39.3,0.5777,1.511,0.873,0.786,0.97
600039811,"Základní škola, Praha 8, Na Šutce 28",Praha 8,"Na Šutce 440/28, Troja, 182 00 Praha",Městská část Praha 8,2024,2030,896,46,527,0.0873,550,55.0,78.2,45.2,0.5777,1.422,0.821,0.739,0.913
600039935,"Základní škola a mateřská škola Na Slovance, Praha 8, Bedřichovská 1",Praha 8,"Bedřichovská 1960/1, Libeň, 182 00 Praha",Městská část Praha 8,2021,2027,1228,37,527,0.0702,650,65.0,86.2,49.8,0.5777,1.326,0.766,0.69,0.851
600039897,"Základní škola Bohumila Hrabala, Praha 8, Zenklova 52",Praha 8,"Zenklova 26/52, Libeň, 180 00 Praha",Městská část Praha 8,2024,2030,896,81,527,0.1537,1100,110.0,137.7,79.6,0.5777,1.252,0.723,0.651,0.804
600039901,"Základní škola, Praha 8, Žernosecká 3",Praha 8,"Žernosecká 1597/3, Kobylisy, 182 00 Praha",Městská část Praha 8,2021,2027,1228,36,527,0.0683,730,73.0,83.9,48.5,0.5777,1.149,0.664,0.597,0.738
600039935,"Základní škola a mateřská škola Na Slovance, Praha 8, Bedřichovská 1",Praha 8,"Bedřichovská 1960/1, Libeň, 182 00 Praha",Městská část Praha 8,2024,2030,896,37,527,0.0702,650,65.0,62.9,36.3,0.5777,0.968,0.559,0.503,0.621
600039901,"Základní škola, Praha 8, Žernosecká 3",Praha 8,"Žernosecká 1597/3, Kobylisy, 182 00 Praha",Městská část Praha 8,2024,2030,896,36,527,0.0683,730,73.0,61.2,35.4,0.5777,0.838,0.484,0.436,0.538
600039749,"Základní škola, Praha 8, Burešova 14",Praha 8,"Burešova 1130/14, Kobylisy, 182 00 Praha",Městská část Praha 8,2021,2027,1228,34,527,0.0645,1000,100.0,79.2,45.8,0.5777,0.792,0.458,0.412,0.509
600039765,"Základní škola, Praha 8, Glowackého 6",Praha 8,"Glowackého 555/6, Troja, 181 00 Praha",Městská část Praha 8,2021,2027,1228,27,527,0.0512,800,80.0,62.9,36.3,0.5777,0.786,0.454,0.409,0.505
600039919,"Základní škola, Praha 8, Hovorčovická 11",Praha 8,"Hovorčovická 1281/11, Kobylisy, 182 00 Praha",Městská část Praha 8,2021,2027,1228,25,527,0.0474,750,75.0,58.3,33.7,0.5777,0.777,0.449,0.404,0.499
600039803,"Základní škola a mateřská škola, Praha 8, Lyčkovo náměstí 6",Praha 8,"Lyčkovo náměstí 460/6, Karlín, 186 00 Praha",Městská část Praha 8,2021,2027,1228,30,527,0.0569,924,92.4,69.9,40.4,0.5777,0.757,0.437,0.393,0.486
600039773,"Základní škola a mateřská škola Ústavní, Praha 8, Hlivická 1",Praha 8,"Hlivická 400/1, Bohnice, 181 00 Praha",Městská část Praha 8,2021,2027,1228,21,527,0.0398,750,75.0,48.9,28.3,0.5777,0.652,0.377,0.339,0.419
600039854,"Základní škola Mazurská, Praha 8, Svídnická 1a",Praha 8,"Svídnická 599/1, Troja, 181 00 Praha",Městská část Praha 8,2021,2027,1228,17,527,0.0323,630,63.0,39.6,22.9,0.5777,0.629,0.363,0.327,0.404
600039889,"Základní škola a mateřská škola Petra Strozziho, Praha 8, Za Invalidovnou 3",Praha 8,"Za invalidovnou 579/3, Karlín, 186 00 Praha",Městská část Praha 8,2021,2027,1228,10,527,0.019,380,38.0,23.3,13.5,0.5777,0.613,0.354,0.319,0.394
600039749,"Základní škola, Praha 8, Burešova 14",Praha 8,"Burešova 1130/14, Kobylisy, 182 00 Praha",Městská část Praha 8,2024,2030,896,34,527,0.0645,1000,100.0,57.8,33.4,0.5777,0.578,0.334,0.301,0.371
600039765,"Základní škola, Praha 8, Glowackého 6",Praha 8,"Glowackého 555/6, Troja, 181 00 Praha",Městská část Praha 8,2024,2030,896,27,527,0.0512,800,80.0,45.9,26.5,0.5777,0.574,0.331,0.298,0.368
600039919,"Základní škola, Praha 8, Hovorčovická 11",Praha 8,"Hovorčovická 1281/11, Kobylisy, 182 00 Praha",Městská část Praha 8,2024,2030,896,25,527,0.0474,750,75.0,42.5,24.6,0.5777,0.567,0.327,0.295,0.364
600039803,"Základní škola a mateřská škola, Praha 8, Lyčkovo náměstí 6",Praha 8,"Lyčkovo náměstí 460/6, Karlín, 186 00 Praha",Městská část Praha 8,2024,2030,896,30,527,0.0569,924,92.4,51.0,29.5,0.5777,0.552,0.319,0.287,0.354
600039757,"Základní škola a mateřská škola, Praha 8, Dolákova 1",Praha 8,"Dolákova 555/1, Bohnice, 181 00 Praha",Městská část Praha 8,2021,2027,1228,10,527,0.019,475,47.5,23.3,13.5,0.5777,0.491,0.283,0.255,0.315
600039773,"Základní škola a mateřská škola Ústavní, Praha 8, Hlivická 1",Praha 8,"Hlivická 400/1, Bohnice, 181 00 Praha",Městská část Praha 8,2024,2030,896,21,527,0.0398,750,75.0,35.7,20.6,0.5777,0.476,0.275,0.247,0.306
600039854,"Základní škola Mazurská, Praha 8, Svídnická 1a",Praha 8,"Svídnická 599/1, Troja, 181 00 Praha",Městská část Praha 8,2024,2030,896,17,527,0.0323,630,63.0,28.9,16.7,0.5777,0.459,0.265,0.239,0.294
600039889,"Základní škola a mateřská škola Petra Strozziho, Praha 8, Za Invalidovnou 3",Praha 8,"Za invalidovnou 579/3, Karlín, 186 00 Praha",Městská část Praha 8,2024,2030,896,10,527,0.019,380,38.0,17.0,9.8,0.5777,0.447,0.258,0.233,0.287
600039757,"Základní škola a mateřská škola, Praha 8, Dolákova 1",Praha 8,"Dolákova 555/1, Bohnice, 181 00 Praha",Městská část Praha 8,2024,2030,896,10,527,0.019,475,47.5,17.0,9.8,0.5777,0.358,0.207,0.186,0.23
600040551,Základní škola a Mateřská škola Na Balabence,Praha 9,"náměstí Na Balabence 800/7, Libeň, 190 00 Praha",Městská část Praha 9,2021,2027,895,92,263,0.3498,898,89.8,313.1,180.9,0.5777,3.486,2.014,1.813,2.238
600040551,Základní škola a Mateřská škola Na Balabence,Praha 9,"náměstí Na Balabence 800/7, Libeň, 190 00 Praha",Městská část Praha 9,2024,2030,684,92,263,0.3498,898,89.8,239.3,138.2,0.5777,2.664,1.539,1.385,1.71
691017379,"Základní škola a Mateřská škola Elektra, příspěvková organizace",Praha 9,"Sousedíkova 1044/8, Vysočany, 190 00 Praha",Městská část Praha 9,2021,2027,895,25,263,0.0951,340,34.0,85.1,49.1,0.5777,2.502,1.445,1.301,1.606
600040542,Základní škola Litvínovská 600,Praha 9,"Litvínovská 600/1, Prosek, 190 00 Praha",Městská část Praha 9,2021,2027,895,43,263,0.1635,700,70.0,146.3,84.5,0.5777,2.09,1.208,1.087,1.342
600040569,Základní škola Špitálská,Praha 9,"Špitálská 789/4, Vysočany, 190 00 Praha",Městská část Praha 9,2021,2027,895,44,263,0.1673,720,72.0,149.7,86.5,0.5777,2.08,1.201,1.081,1.335
691017379,"Základní škola a Mateřská škola Elektra, příspěvková organizace",Praha 9,"Sousedíkova 1044/8, Vysočany, 190 00 Praha",Městská část Praha 9,2024,2030,684,25,263,0.0951,340,34.0,65.0,37.6,0.5777,1.912,1.105,0.994,1.227
600040542,Základní škola Litvínovská 600,Praha 9,"Litvínovská 600/1, Prosek, 190 00 Praha",Městská část Praha 9,2024,2030,684,43,263,0.1635,700,70.0,111.8,64.6,0.5777,1.598,0.923,0.831,1.025
600040569,Základní škola Špitálská,Praha 9,"Špitálská 789/4, Vysočany, 190 00 Praha",Městská část Praha 9,2024,2030,684,44,263,0.1673,720,72.0,114.4,66.1,0.5777,1.589,0.918,0.826,1.02
600040534,Základní škola Litvínovská 500,Praha 9,"Litvínovská 500/5, Prosek, 190 00 Praha",Městská část Praha 9,2021,2027,895,27,263,0.1027,820,82.0,91.9,53.1,0.5777,1.121,0.647,0.583,0.719
600040526,Základní škola Novoborská,Praha 9,"Novoborská 371/10, Střížkov, 190 00 Praha",Městská část Praha 9,2021,2027,895,32,263,0.1217,1150,115.0,108.9,62.9,0.5777,0.947,0.547,0.492,0.608
600040534,Základní škola Litvínovská 500,Praha 9,"Litvínovská 500/5, Prosek, 190 00 Praha",Městská část Praha 9,2024,2030,684,27,263,0.1027,820,82.0,70.2,40.6,0.5777,0.856,0.495,0.445,0.55
600040526,Základní škola Novoborská,Praha 9,"Novoborská 371/10, Střížkov, 190 00 Praha",Městská část Praha 9,2024,2030,684,32,263,0.1217,1150,115.0,83.2,48.1,0.5777,0.724,0.418,0.376,0.464
